Index,Code,Product,Plan,Duration (days),Status,Generated,Expires
1,TB-FIUN9YS9UJ,Training Tools Bundle,single_product,30,UNUSED,2026-08-03,2026-09-02
2,TB-ODPPG3VIIO,Training Tools Bundle,single_product,30,UNUSED,2026-08-03,2026-09-02
3,TB-WOKZKONJCB,Training Tools Bundle,single_product,30,UNUSED,2026-08-03,2026-09-02
4,TB-PHUF1HVQV6,Training Tools Bundle,single_product,30,UNUSED,2026-08-03,2026-09-02
5,TB-X5RDSVVNFG,Training Tools Bundle,single_product,30,UNUSED,2026-08-03,2026-09-02
6,TB-6TRNINSVQ8,Training Tools Bundle,single_product,30,UNUSED,2026-08-03,2026-09-02
7,TB-BYVDB2AIMB,Training Tools Bundle,single_product,30,UNUSED,2026-08-03,2026-09-02
8,TB-59UG59M2P2,Training Tools Bundle,single_product,30,UNUSED,2026-08-03,2026-09-02
9,TB-KWZ6DLL5ZP,Training Tools Bundle,single_product,30,UNUSED,2026-08-03,2026-09-02
10,TB-3E8DAAXSQQ,Training Tools Bundle,single_product,30,UNUSED,2026-08-03,2026-09-02
11,TB-YZ705NLXA7,Training Tools Bundle,single_product,30,UNUSED,2026-08-03,2026-09-02
12,TB-K1HHF03QXE,Training Tools Bundle,single_product,30,UNUSED,2026-08-03,2026-09-02
13,TB-QK5S32QU7W,Training Tools Bundle,single_product,30,UNUSED,2026-08-03,2026-09-02
14,TB-RY59O44Z6F,Training Tools Bundle,single_product,30,UNUSED,2026-08-03,2026-09-02
15,TB-HWX0DH8MJ5,Training Tools Bundle,single_product,30,UNUSED,2026-08-03,2026-09-02
16,TB-RKL6OYVG26,Training Tools Bundle,single_product,30,UNUSED,2026-08-03,2026-09-02
17,TB-MV8GD1FSL8,Training Tools Bundle,single_product,30,UNUSED,2026-08-03,2026-09-02
18,TB-KOGDR2R90Q,Training Tools Bundle,single_product,30,UNUSED,2026-08-03,2026-09-02
19,TB-FT2TJJ5COG,Training Tools Bundle,single_product,30,UNUSED,2026-08-03,2026-09-02
20,TB-XQYKH7SZWB,Training Tools Bundle,single_product,30,UNUSED,2026-08-03,2026-09-02
21,TB-WABNXB1YOJ,Training Tools Bundle,single_product,30,UNUSED,2026-08-03,2026-09-02
22,TB-WJSEXJSPRF,Training Tools Bundle,single_product,30,UNUSED,2026-08-03,2026-09-02
23,TB-VW11YUYPDG,Training Tools Bundle,single_product,30,UNUSED,2026-08-03,2026-09-02
24,TB-1IE6B3RXZG,Training Tools Bundle,single_product,30,UNUSED,2026-08-03,2026-09-02
25,TB-HQ8FS5UVDH,Training Tools Bundle,single_product,30,UNUSED,2026-08-03,2026-09-02
26,TB-AWEJ91I8SM,Training Tools Bundle,single_product,30,UNUSED,2026-08-03,2026-09-02
27,TB-1PDD5C94MP,Training Tools Bundle,single_product,30,UNUSED,2026-08-03,2026-09-02
28,TB-C2DEP47YGO,Training Tools Bundle,single_product,30,UNUSED,2026-08-03,2026-09-02
29,TB-4HVRLNZ8HP,Training Tools Bundle,single_product,30,UNUSED,2026-08-03,2026-09-02
30,TB-CCMM0W1W2W,Training Tools Bundle,single_product,30,UNUSED,2026-08-03,2026-09-02
31,TB-MLHJR3TDOT,Training Tools Bundle,single_product,30,UNUSED,2026-08-03,2026-09-02
32,TB-M74A2YPH5T,Training Tools Bundle,single_product,30,UNUSED,2026-08-03,2026-09-02
33,TB-SCN0JITFF9,Training Tools Bundle,single_product,30,UNUSED,2026-08-03,2026-09-02
34,TB-XLC17S6LFB,Training Tools Bundle,single_product,30,UNUSED,2026-08-03,2026-09-02
35,TB-FSFP4NH4JB,Training Tools Bundle,single_product,30,UNUSED,2026-08-03,2026-09-02
36,TB-1AJVAXPA1G,Training Tools Bundle,single_product,30,UNUSED,2026-08-03,2026-09-02
37,TB-GWPDW8S4P5,Training Tools Bundle,single_product,30,UNUSED,2026-08-03,2026-09-02
38,TB-77CC9PTN35,Training Tools Bundle,single_product,30,UNUSED,2026-08-03,2026-09-02
39,TB-ER1BH61PIO,Training Tools Bundle,single_product,30,UNUSED,2026-08-03,2026-09-02
40,TB-9PHREFP9VF,Training Tools Bundle,single_product,30,UNUSED,2026-08-03,2026-09-02
41,TB-BUBPM7U0G4,Training Tools Bundle,single_product,30,UNUSED,2026-08-03,2026-09-02
42,TB-FCIZIDNCOR,Training Tools Bundle,single_product,30,UNUSED,2026-08-03,2026-09-02
43,TB-67HYCWAD7K,Training Tools Bundle,single_product,30,UNUSED,2026-08-03,2026-09-02
44,TB-MHQMKHT1VL,Training Tools Bundle,single_product,30,UNUSED,2026-08-03,2026-09-02
45,TB-FNGLXWSN06,Training Tools Bundle,single_product,30,UNUSED,2026-08-03,2026-09-02
46,TB-F1FRJPMXVV,Training Tools Bundle,single_product,30,UNUSED,2026-08-03,2026-09-02
47,TB-XQKEFXMOUA,Training Tools Bundle,single_product,30,UNUSED,2026-08-03,2026-09-02
48,TB-9BS9J1WWJK,Training Tools Bundle,single_product,30,UNUSED,2026-08-03,2026-09-02
49,TB-5P9SZ3KAL0,Training Tools Bundle,single_product,30,UNUSED,2026-08-03,2026-09-02
50,TB-ZT2C8E68O4,Training Tools Bundle,single_product,30,UNUSED,2026-08-03,2026-09-02
51,TB-5UOHCLD4H7,Training Tools Bundle,single_product,30,UNUSED,2026-08-03,2026-09-02
52,TB-M0ADLC5VOY,Training Tools Bundle,single_product,30,UNUSED,2026-08-03,2026-09-02
53,TB-KNKPF1NH6E,Training Tools Bundle,single_product,30,UNUSED,2026-08-03,2026-09-02
54,TB-N3MBCGVCCD,Training Tools Bundle,single_product,30,UNUSED,2026-08-03,2026-09-02
55,TB-QX2S6A3YM1,Training Tools Bundle,single_product,30,UNUSED,2026-08-03,2026-09-02
56,TB-ME3IHPV5S2,Training Tools Bundle,single_product,30,UNUSED,2026-08-03,2026-09-02
57,TB-QJ2P8Y7WIR,Training Tools Bundle,single_product,30,UNUSED,2026-08-03,2026-09-02
58,TB-VA8WG4D2QT,Training Tools Bundle,single_product,30,UNUSED,2026-08-03,2026-09-02
59,TB-64WMAYTZXH,Training Tools Bundle,single_product,30,UNUSED,2026-08-03,2026-09-02
60,TB-ZRXU3RQ3RI,Training Tools Bundle,single_product,30,UNUSED,2026-08-03,2026-09-02
61,TB-LYQJ3SG666,Training Tools Bundle,single_product,30,UNUSED,2026-08-03,2026-09-02
62,TB-B1GJ4N9ZD3,Training Tools Bundle,single_product,30,UNUSED,2026-08-03,2026-09-02
63,TB-OPJK9AEOT2,Training Tools Bundle,single_product,30,UNUSED,2026-08-03,2026-09-02
64,TB-UWGT6FKBTQ,Training Tools Bundle,single_product,30,UNUSED,2026-08-03,2026-09-02
65,TB-L60CBBD6Z7,Training Tools Bundle,single_product,30,UNUSED,2026-08-03,2026-09-02
66,TB-308MGW40UI,Training Tools Bundle,single_product,30,UNUSED,2026-08-03,2026-09-02
67,TB-E1WK1WPRGK,Training Tools Bundle,single_product,30,UNUSED,2026-08-03,2026-09-02
68,TB-U7WQKQKD2G,Training Tools Bundle,single_product,30,UNUSED,2026-08-03,2026-09-02
69,TB-4LN3PDIGB9,Training Tools Bundle,single_product,30,UNUSED,2026-08-03,2026-09-02
70,TB-0HMQY32CCP,Training Tools Bundle,single_product,30,UNUSED,2026-08-03,2026-09-02
71,TB-PFJWDMJ700,Training Tools Bundle,single_product,30,UNUSED,2026-08-03,2026-09-02
72,TB-Q9V0QOCR8P,Training Tools Bundle,single_product,30,UNUSED,2026-08-03,2026-09-02
73,TB-3JAP7U0TBZ,Training Tools Bundle,single_product,30,UNUSED,2026-08-03,2026-09-02
74,TB-WWBCELQN2L,Training Tools Bundle,single_product,30,UNUSED,2026-08-03,2026-09-02
75,TB-IM84JDTO3I,Training Tools Bundle,single_product,30,UNUSED,2026-08-03,2026-09-02
76,TB-LMUFOIT4BM,Training Tools Bundle,single_product,30,UNUSED,2026-08-03,2026-09-02
77,TB-J2QCD4QPYU,Training Tools Bundle,single_product,30,UNUSED,2026-08-03,2026-09-02
78,TB-TDMF4MF3P7,Training Tools Bundle,single_product,30,UNUSED,2026-08-03,2026-09-02
79,TB-R3HDE4BIDJ,Training Tools Bundle,single_product,30,UNUSED,2026-08-03,2026-09-02
80,TB-PB07RFNVSJ,Training Tools Bundle,single_product,30,UNUSED,2026-08-03,2026-09-02
81,TB-DM1BWASFEX,Training Tools Bundle,single_product,30,UNUSED,2026-08-03,2026-09-02
82,TB-B7A2UHXPE3,Training Tools Bundle,single_product,30,UNUSED,2026-08-03,2026-09-02
83,TB-97TP3OYLE7,Training Tools Bundle,single_product,30,UNUSED,2026-08-03,2026-09-02
84,TB-P5TXKSO0MH,Training Tools Bundle,single_product,30,UNUSED,2026-08-03,2026-09-02
85,TB-19JVZ93UXA,Training Tools Bundle,single_product,30,UNUSED,2026-08-03,2026-09-02
86,TB-Y6Z62EHT27,Training Tools Bundle,single_product,30,UNUSED,2026-08-03,2026-09-02
87,TB-WFVJ65CDU9,Training Tools Bundle,single_product,30,UNUSED,2026-08-03,2026-09-02
88,TB-0PKB3LABFG,Training Tools Bundle,single_product,30,UNUSED,2026-08-03,2026-09-02
89,TB-R6UDB5Z8KT,Training Tools Bundle,single_product,30,UNUSED,2026-08-03,2026-09-02
90,TB-55J9U4UVF1,Training Tools Bundle,single_product,30,UNUSED,2026-08-03,2026-09-02
91,TB-YV806FCWTT,Training Tools Bundle,single_product,30,UNUSED,2026-08-03,2026-09-02
92,TB-32VANKD5X3,Training Tools Bundle,single_product,30,UNUSED,2026-08-03,2026-09-02
93,TB-WG7IDVTZBX,Training Tools Bundle,single_product,30,UNUSED,2026-08-03,2026-09-02
94,TB-P3K77X9I8Y,Training Tools Bundle,single_product,30,UNUSED,2026-08-03,2026-09-02
95,TB-GZCNM7WCE8,Training Tools Bundle,single_product,30,UNUSED,2026-08-03,2026-09-02
96,TB-U2XZHTXQNZ,Training Tools Bundle,single_product,30,UNUSED,2026-08-03,2026-09-02
97,TB-IJXR61POKC,Training Tools Bundle,single_product,30,UNUSED,2026-08-03,2026-09-02
98,TB-ZOONEKMT7J,Training Tools Bundle,single_product,30,UNUSED,2026-08-03,2026-09-02
99,TB-9WLBSIZS8K,Training Tools Bundle,single_product,30,UNUSED,2026-08-03,2026-09-02
100,TB-OTV8FZNPDZ,Training Tools Bundle,single_product,30,UNUSED,2026-08-03,2026-09-02
101,TB-H17V4QGOYF,Training Tools Bundle,single_product,30,UNUSED,2026-08-03,2026-09-02
102,TB-ZE08YKFI4R,Training Tools Bundle,single_product,30,UNUSED,2026-08-03,2026-09-02
103,TB-3N0A0H9WPB,Training Tools Bundle,single_product,30,UNUSED,2026-08-03,2026-09-02
104,TB-SGGP8CO7E2,Training Tools Bundle,single_product,30,UNUSED,2026-08-03,2026-09-02
105,TB-2215TLMCU0,Training Tools Bundle,single_product,30,UNUSED,2026-08-03,2026-09-02
106,TB-AUENILC2LE,Training Tools Bundle,single_product,30,UNUSED,2026-08-03,2026-09-02
107,TB-78VVIGQZ06,Training Tools Bundle,single_product,30,UNUSED,2026-08-03,2026-09-02
108,TB-J21AX3BVLF,Training Tools Bundle,single_product,30,UNUSED,2026-08-03,2026-09-02
109,TB-O485XN2T7Y,Training Tools Bundle,single_product,30,UNUSED,2026-08-03,2026-09-02
110,TB-HCL8M8SIZ6,Training Tools Bundle,single_product,30,UNUSED,2026-08-03,2026-09-02
111,TB-D3TJH52OJO,Training Tools Bundle,single_product,30,UNUSED,2026-08-03,2026-09-02
112,TB-BBLDNOR7RG,Training Tools Bundle,single_product,30,UNUSED,2026-08-03,2026-09-02
113,TB-FTQ1RAJQBM,Training Tools Bundle,single_product,30,UNUSED,2026-08-03,2026-09-02
114,TB-KAA70U230G,Training Tools Bundle,single_product,30,UNUSED,2026-08-03,2026-09-02
115,TB-TXLY0ZZA0K,Training Tools Bundle,single_product,30,UNUSED,2026-08-03,2026-09-02
116,TB-NDJS55TB6G,Training Tools Bundle,single_product,30,UNUSED,2026-08-03,2026-09-02
117,TB-5SLH8R8N5H,Training Tools Bundle,single_product,30,UNUSED,2026-08-03,2026-09-02
118,TB-NHJK1PNMJ8,Training Tools Bundle,single_product,30,UNUSED,2026-08-03,2026-09-02
119,TB-ZXDEGIA0VP,Training Tools Bundle,single_product,30,UNUSED,2026-08-03,2026-09-02
120,TB-8IJ7JDZD71,Training Tools Bundle,single_product,30,UNUSED,2026-08-03,2026-09-02
121,TB-JUDZXQ9VYM,Training Tools Bundle,single_product,30,UNUSED,2026-08-03,2026-09-02
122,TB-GZU9QY64HD,Training Tools Bundle,single_product,30,UNUSED,2026-08-03,2026-09-02
123,TB-X3413SKL7V,Training Tools Bundle,single_product,30,UNUSED,2026-08-03,2026-09-02
124,TB-UD5AY4IVCR,Training Tools Bundle,single_product,30,UNUSED,2026-08-03,2026-09-02
125,TB-A101W8TB5A,Training Tools Bundle,single_product,30,UNUSED,2026-08-03,2026-09-02
126,TB-ZG3HXEEWF5,Training Tools Bundle,single_product,30,UNUSED,2026-08-03,2026-09-02
127,TB-QLYGR5NEH5,Training Tools Bundle,single_product,30,UNUSED,2026-08-03,2026-09-02
128,TB-RT7WTHH128,Training Tools Bundle,single_product,30,UNUSED,2026-08-03,2026-09-02
129,TB-JHQQM2RXAO,Training Tools Bundle,single_product,30,UNUSED,2026-08-03,2026-09-02
130,TB-LAO1B207FZ,Training Tools Bundle,single_product,30,UNUSED,2026-08-03,2026-09-02
131,TB-R9ULFBOJ9G,Training Tools Bundle,single_product,30,UNUSED,2026-08-03,2026-09-02
132,TB-ZUQPASNLTR,Training Tools Bundle,single_product,30,UNUSED,2026-08-03,2026-09-02
133,TB-AVFQUT7CTI,Training Tools Bundle,single_product,30,UNUSED,2026-08-03,2026-09-02
134,TB-SXNHUDIS45,Training Tools Bundle,single_product,30,UNUSED,2026-08-03,2026-09-02
135,TB-LRJTIAITBO,Training Tools Bundle,single_product,30,UNUSED,2026-08-03,2026-09-02
136,TB-SYMYC2ZI19,Training Tools Bundle,single_product,30,UNUSED,2026-08-03,2026-09-02
137,TB-RPBSFI4OKX,Training Tools Bundle,single_product,30,UNUSED,2026-08-03,2026-09-02
138,TB-GBL27RWJF3,Training Tools Bundle,single_product,30,UNUSED,2026-08-03,2026-09-02
139,TB-D19O35MSZN,Training Tools Bundle,single_product,30,UNUSED,2026-08-03,2026-09-02
140,TB-W8JBDOJ960,Training Tools Bundle,single_product,30,UNUSED,2026-08-03,2026-09-02
141,TB-6PEZX4QYP8,Training Tools Bundle,single_product,30,UNUSED,2026-08-03,2026-09-02
142,TB-5X938D1Y3U,Training Tools Bundle,single_product,30,UNUSED,2026-08-03,2026-09-02
143,TB-8CDQ5GDWWZ,Training Tools Bundle,single_product,30,UNUSED,2026-08-03,2026-09-02
144,TB-RFEM6S92WT,Training Tools Bundle,single_product,30,UNUSED,2026-08-03,2026-09-02
145,TB-5M54EYXYIH,Training Tools Bundle,single_product,30,UNUSED,2026-08-03,2026-09-02
146,TB-JIHS9DI9VY,Training Tools Bundle,single_product,30,UNUSED,2026-08-03,2026-09-02
147,TB-M9APOXIQLZ,Training Tools Bundle,single_product,30,UNUSED,2026-08-03,2026-09-02
148,TB-6BAAF7VAF5,Training Tools Bundle,single_product,30,UNUSED,2026-08-03,2026-09-02
149,TB-WPFA7UCC1C,Training Tools Bundle,single_product,30,UNUSED,2026-08-03,2026-09-02
150,TB-T96RX2WNHN,Training Tools Bundle,single_product,30,UNUSED,2026-08-03,2026-09-02
151,TB-AWF159QSVK,Training Tools Bundle,single_product,30,UNUSED,2026-08-03,2026-09-02
152,TB-O4ZW7PNTKJ,Training Tools Bundle,single_product,30,UNUSED,2026-08-03,2026-09-02
153,TB-N02910K5OI,Training Tools Bundle,single_product,30,UNUSED,2026-08-03,2026-09-02
154,TB-GZIS65UQLY,Training Tools Bundle,single_product,30,UNUSED,2026-08-03,2026-09-02
155,TB-TMIT6RYI4U,Training Tools Bundle,single_product,30,UNUSED,2026-08-03,2026-09-02
156,TB-AXIB4RS2ZM,Training Tools Bundle,single_product,30,UNUSED,2026-08-03,2026-09-02
157,TB-BIPKQRIUT3,Training Tools Bundle,single_product,30,UNUSED,2026-08-03,2026-09-02
158,TB-VFN7YN6YDF,Training Tools Bundle,single_product,30,UNUSED,2026-08-03,2026-09-02
159,TB-TR4I5G2OS8,Training Tools Bundle,single_product,30,UNUSED,2026-08-03,2026-09-02
160,TB-50EL2VXVZL,Training Tools Bundle,single_product,30,UNUSED,2026-08-03,2026-09-02
161,TB-N6Y3X3NZO9,Training Tools Bundle,single_product,30,UNUSED,2026-08-03,2026-09-02
162,TB-ROIWXGJ10A,Training Tools Bundle,single_product,30,UNUSED,2026-08-03,2026-09-02
163,TB-V3Z8TXWQE6,Training Tools Bundle,single_product,30,UNUSED,2026-08-03,2026-09-02
164,TB-V0DKGYA51Y,Training Tools Bundle,single_product,30,UNUSED,2026-08-03,2026-09-02
165,TB-SZJTVHOCMM,Training Tools Bundle,single_product,30,UNUSED,2026-08-03,2026-09-02
166,TB-YP4JGXFIJD,Training Tools Bundle,single_product,30,UNUSED,2026-08-03,2026-09-02
167,TB-LIK3NASXII,Training Tools Bundle,single_product,30,UNUSED,2026-08-03,2026-09-02
168,TB-J7VIKHCRRT,Training Tools Bundle,single_product,30,UNUSED,2026-08-03,2026-09-02
169,TB-O9QLNSJ0BG,Training Tools Bundle,single_product,30,UNUSED,2026-08-03,2026-09-02
170,TB-NJLJQKHZ15,Training Tools Bundle,single_product,30,UNUSED,2026-08-03,2026-09-02
171,TB-3NM6X4RSM4,Training Tools Bundle,single_product,30,UNUSED,2026-08-03,2026-09-02
172,TB-1QLOSTDK5M,Training Tools Bundle,single_product,30,UNUSED,2026-08-03,2026-09-02
173,TB-VFJ3TSKVWH,Training Tools Bundle,single_product,30,UNUSED,2026-08-03,2026-09-02
174,TB-7G9L0HBN5R,Training Tools Bundle,single_product,30,UNUSED,2026-08-03,2026-09-02
175,TB-106U5W6Y2R,Training Tools Bundle,single_product,30,UNUSED,2026-08-03,2026-09-02
176,TB-LSK71R9QD5,Training Tools Bundle,single_product,30,UNUSED,2026-08-03,2026-09-02
177,TB-5PYCEWSLEM,Training Tools Bundle,single_product,30,UNUSED,2026-08-03,2026-09-02
178,TB-145QB0GW8N,Training Tools Bundle,single_product,30,UNUSED,2026-08-03,2026-09-02
179,TB-JKFCWHTL0N,Training Tools Bundle,single_product,30,UNUSED,2026-08-03,2026-09-02
180,TB-VVTB8K0THT,Training Tools Bundle,single_product,30,UNUSED,2026-08-03,2026-09-02
181,TB-0XOL4VG2ZG,Training Tools Bundle,single_product,30,UNUSED,2026-08-03,2026-09-02
182,TB-4TOMWMHBWD,Training Tools Bundle,single_product,30,UNUSED,2026-08-03,2026-09-02
183,TB-V8N7YLMSNV,Training Tools Bundle,single_product,30,UNUSED,2026-08-03,2026-09-02
184,TB-XY7J61WTF2,Training Tools Bundle,single_product,30,UNUSED,2026-08-03,2026-09-02
185,TB-JGRY49696C,Training Tools Bundle,single_product,30,UNUSED,2026-08-03,2026-09-02
186,TB-6MHW5E1292,Training Tools Bundle,single_product,30,UNUSED,2026-08-03,2026-09-02
187,TB-C4RWND2J5Q,Training Tools Bundle,single_product,30,UNUSED,2026-08-03,2026-09-02
188,TB-CQCJP23WKF,Training Tools Bundle,single_product,30,UNUSED,2026-08-03,2026-09-02
189,TB-90416NM2PA,Training Tools Bundle,single_product,30,UNUSED,2026-08-03,2026-09-02
190,TB-ESFSL2ADHV,Training Tools Bundle,single_product,30,UNUSED,2026-08-03,2026-09-02
191,TB-GCW0KX4VW5,Training Tools Bundle,single_product,30,UNUSED,2026-08-03,2026-09-02
192,TB-NLG7IXEKKH,Training Tools Bundle,single_product,30,UNUSED,2026-08-03,2026-09-02
193,TB-M5MS5C704X,Training Tools Bundle,single_product,30,UNUSED,2026-08-03,2026-09-02
194,TB-2524LLGNTX,Training Tools Bundle,single_product,30,UNUSED,2026-08-03,2026-09-02
195,TB-1GXPU1SZ0R,Training Tools Bundle,single_product,30,UNUSED,2026-08-03,2026-09-02
196,TB-LT23UBMIE5,Training Tools Bundle,single_product,30,UNUSED,2026-08-03,2026-09-02
197,TB-UMD1AE8TG1,Training Tools Bundle,single_product,30,UNUSED,2026-08-03,2026-09-02
198,TB-L12TSOL6IQ,Training Tools Bundle,single_product,30,UNUSED,2026-08-03,2026-09-02
199,TB-MYYPSZ6BHZ,Training Tools Bundle,single_product,30,UNUSED,2026-08-03,2026-09-02
200,TB-E372Z377IP,Training Tools Bundle,single_product,30,UNUSED,2026-08-03,2026-09-02
201,TB-9PWXUHK0UG,Training Tools Bundle,single_product,30,UNUSED,2026-08-03,2026-09-02
202,TB-GF9C3SXC6J,Training Tools Bundle,single_product,30,UNUSED,2026-08-03,2026-09-02
203,TB-UKHM1CXC7A,Training Tools Bundle,single_product,30,UNUSED,2026-08-03,2026-09-02
204,TB-TT5R1X29N0,Training Tools Bundle,single_product,30,UNUSED,2026-08-03,2026-09-02
205,TB-M5M1OUWK97,Training Tools Bundle,single_product,30,UNUSED,2026-08-03,2026-09-02
206,TB-Q6P91VZXEL,Training Tools Bundle,single_product,30,UNUSED,2026-08-03,2026-09-02
207,TB-ZJCN62Q253,Training Tools Bundle,single_product,30,UNUSED,2026-08-03,2026-09-02
208,TB-HA0IYIW2IZ,Training Tools Bundle,single_product,30,UNUSED,2026-08-03,2026-09-02
209,TB-6BNWFHU7EA,Training Tools Bundle,single_product,30,UNUSED,2026-08-03,2026-09-02
210,TB-W9ZC16RVKH,Training Tools Bundle,single_product,30,UNUSED,2026-08-03,2026-09-02
211,TB-V6MPYB9LDC,Training Tools Bundle,single_product,30,UNUSED,2026-08-03,2026-09-02
212,TB-PD2LALXX9N,Training Tools Bundle,single_product,30,UNUSED,2026-08-03,2026-09-02
213,TB-S8VA9G1K1X,Training Tools Bundle,single_product,30,UNUSED,2026-08-03,2026-09-02
214,TB-2LNGVB8ZHP,Training Tools Bundle,single_product,30,UNUSED,2026-08-03,2026-09-02
215,TB-ISI7EO19FL,Training Tools Bundle,single_product,30,UNUSED,2026-08-03,2026-09-02
216,TB-WZ1V6DK1ZT,Training Tools Bundle,single_product,30,UNUSED,2026-08-03,2026-09-02
217,TB-6W76WKCP2O,Training Tools Bundle,single_product,30,UNUSED,2026-08-03,2026-09-02
218,TB-K2XZ8YSP48,Training Tools Bundle,single_product,30,UNUSED,2026-08-03,2026-09-02
219,TB-WRKLRO1CTM,Training Tools Bundle,single_product,30,UNUSED,2026-08-03,2026-09-02
220,TB-BAO2XFJ22V,Training Tools Bundle,single_product,30,UNUSED,2026-08-03,2026-09-02
221,TB-KGNF0YC83F,Training Tools Bundle,single_product,30,UNUSED,2026-08-03,2026-09-02
222,TB-50M8V5RW13,Training Tools Bundle,single_product,30,UNUSED,2026-08-03,2026-09-02
223,TB-MWV2RKV2CE,Training Tools Bundle,single_product,30,UNUSED,2026-08-03,2026-09-02
224,TB-YIY7TVFPDD,Training Tools Bundle,single_product,30,UNUSED,2026-08-03,2026-09-02
225,TB-OXAKI5CYTT,Training Tools Bundle,single_product,30,UNUSED,2026-08-03,2026-09-02
226,TB-9Q8UU7J2AM,Training Tools Bundle,single_product,30,UNUSED,2026-08-03,2026-09-02
227,TB-16FQ7Y6W8L,Training Tools Bundle,single_product,30,UNUSED,2026-08-03,2026-09-02
228,TB-HT2R7RHLUN,Training Tools Bundle,single_product,30,UNUSED,2026-08-03,2026-09-02
229,TB-KS339310VG,Training Tools Bundle,single_product,30,UNUSED,2026-08-03,2026-09-02
230,TB-XSZR207BKD,Training Tools Bundle,single_product,30,UNUSED,2026-08-03,2026-09-02
231,TB-IHTOZN2H5V,Training Tools Bundle,single_product,30,UNUSED,2026-08-03,2026-09-02
232,TB-917ZYMDTSZ,Training Tools Bundle,single_product,30,UNUSED,2026-08-03,2026-09-02
233,TB-4D010ED7J6,Training Tools Bundle,single_product,30,UNUSED,2026-08-03,2026-09-02
234,TB-XGJ9UV3YZM,Training Tools Bundle,single_product,30,UNUSED,2026-08-03,2026-09-02
235,TB-MM0ZWW9E85,Training Tools Bundle,single_product,30,UNUSED,2026-08-03,2026-09-02
236,TB-1IPUJXSGTC,Training Tools Bundle,single_product,30,UNUSED,2026-08-03,2026-09-02
237,TB-D7N6JSJFCK,Training Tools Bundle,single_product,30,UNUSED,2026-08-03,2026-09-02
238,TB-YA4V4QQ9GF,Training Tools Bundle,single_product,30,UNUSED,2026-08-03,2026-09-02
239,TB-NKPMETDA2J,Training Tools Bundle,single_product,30,UNUSED,2026-08-03,2026-09-02
240,TB-8LWEZ6WWUK,Training Tools Bundle,single_product,30,UNUSED,2026-08-03,2026-09-02
241,TB-H9XWJEKAGA,Training Tools Bundle,single_product,30,UNUSED,2026-08-03,2026-09-02
242,TB-A2PJNS1CWX,Training Tools Bundle,single_product,30,UNUSED,2026-08-03,2026-09-02
243,TB-KRV44C8OJ1,Training Tools Bundle,single_product,30,UNUSED,2026-08-03,2026-09-02
244,TB-VEV8QJHF2H,Training Tools Bundle,single_product,30,UNUSED,2026-08-03,2026-09-02
245,TB-YCYDY88ODJ,Training Tools Bundle,single_product,30,UNUSED,2026-08-03,2026-09-02
246,TB-808WRCY5B3,Training Tools Bundle,single_product,30,UNUSED,2026-08-03,2026-09-02
247,TB-DJY8K97F6A,Training Tools Bundle,single_product,30,UNUSED,2026-08-03,2026-09-02
248,TB-JY1MBW4V6H,Training Tools Bundle,single_product,30,UNUSED,2026-08-03,2026-09-02
249,TB-J1XUYVC3QG,Training Tools Bundle,single_product,30,UNUSED,2026-08-03,2026-09-02
250,TB-MGWM0VLU00,Training Tools Bundle,single_product,30,UNUSED,2026-08-03,2026-09-02
251,TB-KDYH34ZH20,Training Tools Bundle,single_product,30,UNUSED,2026-08-03,2026-09-02
252,TB-8O221DC9PP,Training Tools Bundle,single_product,30,UNUSED,2026-08-03,2026-09-02
253,TB-OKACYBP8WA,Training Tools Bundle,single_product,30,UNUSED,2026-08-03,2026-09-02
254,TB-QT7JYELMU4,Training Tools Bundle,single_product,30,UNUSED,2026-08-03,2026-09-02
255,TB-7KAZYV0HVO,Training Tools Bundle,single_product,30,UNUSED,2026-08-03,2026-09-02
256,TB-A0O7HPU7Q4,Training Tools Bundle,single_product,30,UNUSED,2026-08-03,2026-09-02
257,TB-H4J4JFABXT,Training Tools Bundle,single_product,30,UNUSED,2026-08-03,2026-09-02
258,TB-1HFIX3Z4E4,Training Tools Bundle,single_product,30,UNUSED,2026-08-03,2026-09-02
259,TB-NAXPLNFM0P,Training Tools Bundle,single_product,30,UNUSED,2026-08-03,2026-09-02
260,TB-3XHTB4C79L,Training Tools Bundle,single_product,30,UNUSED,2026-08-03,2026-09-02
261,TB-8UJF3R9FKD,Training Tools Bundle,single_product,30,UNUSED,2026-08-03,2026-09-02
262,TB-X7QALKO4PM,Training Tools Bundle,single_product,30,UNUSED,2026-08-03,2026-09-02
263,TB-LIDA55ZAJ6,Training Tools Bundle,single_product,30,UNUSED,2026-08-03,2026-09-02
264,TB-Y6EWUY1QTX,Training Tools Bundle,single_product,30,UNUSED,2026-08-03,2026-09-02
265,TB-GZMZQ2BMV1,Training Tools Bundle,single_product,30,UNUSED,2026-08-03,2026-09-02
266,TB-GBXO2TKMGJ,Training Tools Bundle,single_product,30,UNUSED,2026-08-03,2026-09-02
267,TB-E9SIVDVOY8,Training Tools Bundle,single_product,30,UNUSED,2026-08-03,2026-09-02
268,TB-2IXOI0YWZY,Training Tools Bundle,single_product,30,UNUSED,2026-08-03,2026-09-02
269,TB-SJSFOYRVFU,Training Tools Bundle,single_product,30,UNUSED,2026-08-03,2026-09-02
270,TB-R1ZAGPQKCS,Training Tools Bundle,single_product,30,UNUSED,2026-08-03,2026-09-02
271,TB-5L1GS7QPDX,Training Tools Bundle,single_product,30,UNUSED,2026-08-03,2026-09-02
272,TB-RCW3OT2HN9,Training Tools Bundle,single_product,30,UNUSED,2026-08-03,2026-09-02
273,TB-XKXK7ZRJLA,Training Tools Bundle,single_product,30,UNUSED,2026-08-03,2026-09-02
274,TB-249DJEG6FM,Training Tools Bundle,single_product,30,UNUSED,2026-08-03,2026-09-02
275,TB-HBOG4EWMIN,Training Tools Bundle,single_product,30,UNUSED,2026-08-03,2026-09-02
276,TB-MWO5QSODZQ,Training Tools Bundle,single_product,30,UNUSED,2026-08-03,2026-09-02
277,TB-PG68O74ED8,Training Tools Bundle,single_product,30,UNUSED,2026-08-03,2026-09-02
278,TB-0NUHQ9OSOH,Training Tools Bundle,single_product,30,UNUSED,2026-08-03,2026-09-02
279,TB-J92JOS8B5J,Training Tools Bundle,single_product,30,UNUSED,2026-08-03,2026-09-02
280,TB-37EWI8C7BI,Training Tools Bundle,single_product,30,UNUSED,2026-08-03,2026-09-02
281,TB-WQ8S6CTG8D,Training Tools Bundle,single_product,30,UNUSED,2026-08-03,2026-09-02
282,TB-OTVVN3A8NY,Training Tools Bundle,single_product,30,UNUSED,2026-08-03,2026-09-02
283,TB-QA8QLOMHXO,Training Tools Bundle,single_product,30,UNUSED,2026-08-03,2026-09-02
284,TB-7EIESBV2S7,Training Tools Bundle,single_product,30,UNUSED,2026-08-03,2026-09-02
285,TB-IFP0X4BDF2,Training Tools Bundle,single_product,30,UNUSED,2026-08-03,2026-09-02
286,TB-ZVEH58HP3C,Training Tools Bundle,single_product,30,UNUSED,2026-08-03,2026-09-02
287,TB-PFUJAQDPQG,Training Tools Bundle,single_product,30,UNUSED,2026-08-03,2026-09-02
288,TB-N4BVSBEZJC,Training Tools Bundle,single_product,30,UNUSED,2026-08-03,2026-09-02
289,TB-RYPK7XEGQ1,Training Tools Bundle,single_product,30,UNUSED,2026-08-03,2026-09-02
290,TB-13AAX0Y1SU,Training Tools Bundle,single_product,30,UNUSED,2026-08-03,2026-09-02
291,TB-QAM70S1FC3,Training Tools Bundle,single_product,30,UNUSED,2026-08-03,2026-09-02
292,TB-JMCD2T5DXT,Training Tools Bundle,single_product,30,UNUSED,2026-08-03,2026-09-02
293,TB-SWHIG5UVY8,Training Tools Bundle,single_product,30,UNUSED,2026-08-03,2026-09-02
294,TB-2FS5N07P67,Training Tools Bundle,single_product,30,UNUSED,2026-08-03,2026-09-02
295,TB-FAXDNISMEN,Training Tools Bundle,single_product,30,UNUSED,2026-08-03,2026-09-02
296,TB-6PX46YNXYM,Training Tools Bundle,single_product,30,UNUSED,2026-08-03,2026-09-02
297,TB-C7TJTZ8HMO,Training Tools Bundle,single_product,30,UNUSED,2026-08-03,2026-09-02
298,TB-NK4VY65RRP,Training Tools Bundle,single_product,30,UNUSED,2026-08-03,2026-09-02
299,TB-7A56CMJ1AU,Training Tools Bundle,single_product,30,UNUSED,2026-08-03,2026-09-02
300,TB-DDCDJWQEM4,Training Tools Bundle,single_product,30,UNUSED,2026-08-03,2026-09-02
301,TB-K1ZK8ZE6HC,Training Tools Bundle,single_product,30,UNUSED,2026-08-03,2026-09-02
302,TB-BBJB0JFWC6,Training Tools Bundle,single_product,30,UNUSED,2026-08-03,2026-09-02
303,TB-OYT1X13LYW,Training Tools Bundle,single_product,30,UNUSED,2026-08-03,2026-09-02
304,TB-8WAGQ8IHAE,Training Tools Bundle,single_product,30,UNUSED,2026-08-03,2026-09-02
305,TB-0GR0Y3OOAP,Training Tools Bundle,single_product,30,UNUSED,2026-08-03,2026-09-02
306,TB-GS1VY2CUE5,Training Tools Bundle,single_product,30,UNUSED,2026-08-03,2026-09-02
307,TB-QS5MV3EIWX,Training Tools Bundle,single_product,30,UNUSED,2026-08-03,2026-09-02
308,TB-SZJX9GLNBD,Training Tools Bundle,single_product,30,UNUSED,2026-08-03,2026-09-02
309,TB-BTQ4GQDWMY,Training Tools Bundle,single_product,30,UNUSED,2026-08-03,2026-09-02
310,TB-MBU8O5J3CX,Training Tools Bundle,single_product,30,UNUSED,2026-08-03,2026-09-02
311,TB-I4TT3408BK,Training Tools Bundle,single_product,30,UNUSED,2026-08-03,2026-09-02
312,TB-67JNRI6LZ7,Training Tools Bundle,single_product,30,UNUSED,2026-08-03,2026-09-02
313,TB-TSULJOHZVB,Training Tools Bundle,single_product,30,UNUSED,2026-08-03,2026-09-02
314,TB-2TGKUH23WN,Training Tools Bundle,single_product,30,UNUSED,2026-08-03,2026-09-02
315,TB-WLKSPNL1SE,Training Tools Bundle,single_product,30,UNUSED,2026-08-03,2026-09-02
316,TB-STTQ0IT2QB,Training Tools Bundle,single_product,30,UNUSED,2026-08-03,2026-09-02
317,TB-94ND4GSSB7,Training Tools Bundle,single_product,30,UNUSED,2026-08-03,2026-09-02
318,TB-26TCBPUG9X,Training Tools Bundle,single_product,30,UNUSED,2026-08-03,2026-09-02
319,TB-MZEY4M2V0Z,Training Tools Bundle,single_product,30,UNUSED,2026-08-03,2026-09-02
320,TB-UJ8AWDQDKH,Training Tools Bundle,single_product,30,UNUSED,2026-08-03,2026-09-02
321,TB-RDWU65EB40,Training Tools Bundle,single_product,30,UNUSED,2026-08-03,2026-09-02
322,TB-7WS1CGQXA2,Training Tools Bundle,single_product,30,UNUSED,2026-08-03,2026-09-02
323,TB-09OCUFTTYE,Training Tools Bundle,single_product,30,UNUSED,2026-08-03,2026-09-02
324,TB-AEVQW6T6Y6,Training Tools Bundle,single_product,30,UNUSED,2026-08-03,2026-09-02
325,TB-BDUSMRI5M8,Training Tools Bundle,single_product,30,UNUSED,2026-08-03,2026-09-02
326,TB-BQL3WI54U6,Training Tools Bundle,single_product,30,UNUSED,2026-08-03,2026-09-02
327,TB-HZDZ3DHPOP,Training Tools Bundle,single_product,30,UNUSED,2026-08-03,2026-09-02
328,TB-5TBGBLGLHY,Training Tools Bundle,single_product,30,UNUSED,2026-08-03,2026-09-02
329,TB-VQYUNPQP9P,Training Tools Bundle,single_product,30,UNUSED,2026-08-03,2026-09-02
330,TB-E2K5NR22IZ,Training Tools Bundle,single_product,30,UNUSED,2026-08-03,2026-09-02
331,TB-PZRVV7XZIK,Training Tools Bundle,single_product,30,UNUSED,2026-08-03,2026-09-02
332,TB-71550XOFMV,Training Tools Bundle,single_product,30,UNUSED,2026-08-03,2026-09-02
333,TB-ZNBNA2UCGM,Training Tools Bundle,single_product,30,UNUSED,2026-08-03,2026-09-02
334,TB-A3D9IGXDE0,Training Tools Bundle,single_product,30,UNUSED,2026-08-03,2026-09-02
335,TB-AA2S1TN6LF,Training Tools Bundle,single_product,30,UNUSED,2026-08-03,2026-09-02
336,TB-MHZDYP7LUV,Training Tools Bundle,single_product,30,UNUSED,2026-08-03,2026-09-02
337,TB-E7VFIB8H29,Training Tools Bundle,single_product,30,UNUSED,2026-08-03,2026-09-02
338,TB-W587B0U95O,Training Tools Bundle,single_product,30,UNUSED,2026-08-03,2026-09-02
339,TB-KYPZB0CRQJ,Training Tools Bundle,single_product,30,UNUSED,2026-08-03,2026-09-02
340,TB-XDRKR7KDEM,Training Tools Bundle,single_product,30,UNUSED,2026-08-03,2026-09-02
341,TB-XEVO449GEN,Training Tools Bundle,single_product,30,UNUSED,2026-08-03,2026-09-02
342,TB-UCRZKXD4DL,Training Tools Bundle,single_product,30,UNUSED,2026-08-03,2026-09-02
343,TB-FODIVJIVN2,Training Tools Bundle,single_product,30,UNUSED,2026-08-03,2026-09-02
344,TB-093BR4OV5K,Training Tools Bundle,single_product,30,UNUSED,2026-08-03,2026-09-02
345,TB-UFGYVPTAM8,Training Tools Bundle,single_product,30,UNUSED,2026-08-03,2026-09-02
346,TB-ZVZ9SBS8GC,Training Tools Bundle,single_product,30,UNUSED,2026-08-03,2026-09-02
347,TB-244OBNZB7E,Training Tools Bundle,single_product,30,UNUSED,2026-08-03,2026-09-02
348,TB-E27HYHWX41,Training Tools Bundle,single_product,30,UNUSED,2026-08-03,2026-09-02
349,TB-9D9TPIN1NE,Training Tools Bundle,single_product,30,UNUSED,2026-08-03,2026-09-02
350,TB-IXV5LBDEXZ,Training Tools Bundle,single_product,30,UNUSED,2026-08-03,2026-09-02
351,TB-GC6T0P2E30,Training Tools Bundle,single_product,30,UNUSED,2026-08-03,2026-09-02
352,TB-BCMPXHKZLS,Training Tools Bundle,single_product,30,UNUSED,2026-08-03,2026-09-02
353,TB-I3KMVXA6ET,Training Tools Bundle,single_product,30,UNUSED,2026-08-03,2026-09-02
354,TB-XNRSLD10K1,Training Tools Bundle,single_product,30,UNUSED,2026-08-03,2026-09-02
355,TB-OGNXM4C3V9,Training Tools Bundle,single_product,30,UNUSED,2026-08-03,2026-09-02
356,TB-PHL93BT49C,Training Tools Bundle,single_product,30,UNUSED,2026-08-03,2026-09-02
357,TB-78TEW586IL,Training Tools Bundle,single_product,30,UNUSED,2026-08-03,2026-09-02
358,TB-0BFUFOZ7C2,Training Tools Bundle,single_product,30,UNUSED,2026-08-03,2026-09-02
359,TB-ITAPLTM65N,Training Tools Bundle,single_product,30,UNUSED,2026-08-03,2026-09-02
360,TB-9NQEBR66UO,Training Tools Bundle,single_product,30,UNUSED,2026-08-03,2026-09-02
361,TB-D2S04RQRNB,Training Tools Bundle,single_product,30,UNUSED,2026-08-03,2026-09-02
362,TB-MKXCW8JKCK,Training Tools Bundle,single_product,30,UNUSED,2026-08-03,2026-09-02
363,TB-XHI9HKG3RR,Training Tools Bundle,single_product,30,UNUSED,2026-08-03,2026-09-02
364,TB-538WD53M2W,Training Tools Bundle,single_product,30,UNUSED,2026-08-03,2026-09-02
365,TB-CRI69CQTQF,Training Tools Bundle,single_product,30,UNUSED,2026-08-03,2026-09-02
366,TB-U9OS615O5I,Training Tools Bundle,single_product,30,UNUSED,2026-08-03,2026-09-02
367,TB-8S8Z9LB1QU,Training Tools Bundle,single_product,30,UNUSED,2026-08-03,2026-09-02
368,TB-9ISGVALO5B,Training Tools Bundle,single_product,30,UNUSED,2026-08-03,2026-09-02
369,TB-FHOBNEZ8F4,Training Tools Bundle,single_product,30,UNUSED,2026-08-03,2026-09-02
370,TB-MWBJ9DHU8K,Training Tools Bundle,single_product,30,UNUSED,2026-08-03,2026-09-02
371,TB-PJOJBSAXTX,Training Tools Bundle,single_product,30,UNUSED,2026-08-03,2026-09-02
372,TB-1L315O2LRS,Training Tools Bundle,single_product,30,UNUSED,2026-08-03,2026-09-02
373,TB-GM7EYDYX7P,Training Tools Bundle,single_product,30,UNUSED,2026-08-03,2026-09-02
374,TB-TB9HUBUEX2,Training Tools Bundle,single_product,30,UNUSED,2026-08-03,2026-09-02
375,TB-UJBSYUOEHI,Training Tools Bundle,single_product,30,UNUSED,2026-08-03,2026-09-02
376,TB-ZBSG18Q9VM,Training Tools Bundle,single_product,30,UNUSED,2026-08-03,2026-09-02
377,TB-3K4438EG6E,Training Tools Bundle,single_product,30,UNUSED,2026-08-03,2026-09-02
378,TB-T69BMZ1Y58,Training Tools Bundle,single_product,30,UNUSED,2026-08-03,2026-09-02
379,TB-9RWZ478M7D,Training Tools Bundle,single_product,30,UNUSED,2026-08-03,2026-09-02
380,TB-926TQD5BT4,Training Tools Bundle,single_product,30,UNUSED,2026-08-03,2026-09-02
381,TB-7HCBBBGVZ8,Training Tools Bundle,single_product,30,UNUSED,2026-08-03,2026-09-02
382,TB-FI8TGBA7PK,Training Tools Bundle,single_product,30,UNUSED,2026-08-03,2026-09-02
383,TB-ZN4IARYEYT,Training Tools Bundle,single_product,30,UNUSED,2026-08-03,2026-09-02
384,TB-3I5QKA2DUB,Training Tools Bundle,single_product,30,UNUSED,2026-08-03,2026-09-02
385,TB-NPGA4UE0VG,Training Tools Bundle,single_product,30,UNUSED,2026-08-03,2026-09-02
386,TB-USR91Y0DVE,Training Tools Bundle,single_product,30,UNUSED,2026-08-03,2026-09-02
387,TB-9D4JG41ZT5,Training Tools Bundle,single_product,30,UNUSED,2026-08-03,2026-09-02
388,TB-U7KP35VGHG,Training Tools Bundle,single_product,30,UNUSED,2026-08-03,2026-09-02
389,TB-QCR3Q3UIBM,Training Tools Bundle,single_product,30,UNUSED,2026-08-03,2026-09-02
390,TB-WQHPAQADAP,Training Tools Bundle,single_product,30,UNUSED,2026-08-03,2026-09-02
391,TB-PYAIL7C4RV,Training Tools Bundle,single_product,30,UNUSED,2026-08-03,2026-09-02
392,TB-24CTF5GUGW,Training Tools Bundle,single_product,30,UNUSED,2026-08-03,2026-09-02
393,TB-10SCPY2V5T,Training Tools Bundle,single_product,30,UNUSED,2026-08-03,2026-09-02
394,TB-G42MBY0SUW,Training Tools Bundle,single_product,30,UNUSED,2026-08-03,2026-09-02
395,TB-DTXYVZCCX8,Training Tools Bundle,single_product,30,UNUSED,2026-08-03,2026-09-02
396,TB-AGO7Z70IG7,Training Tools Bundle,single_product,30,UNUSED,2026-08-03,2026-09-02
397,TB-E1S83AD1PO,Training Tools Bundle,single_product,30,UNUSED,2026-08-03,2026-09-02
398,TB-CJMF6AA598,Training Tools Bundle,single_product,30,UNUSED,2026-08-03,2026-09-02
399,TB-O1E260G49J,Training Tools Bundle,single_product,30,UNUSED,2026-08-03,2026-09-02
400,TB-TE9DCKG1PA,Training Tools Bundle,single_product,30,UNUSED,2026-08-03,2026-09-02
401,TB-3WHKIVU5S7,Training Tools Bundle,single_product,30,UNUSED,2026-08-03,2026-09-02
402,TB-YX6HA6VZQQ,Training Tools Bundle,single_product,30,UNUSED,2026-08-03,2026-09-02
403,TB-9LRYNHM7YB,Training Tools Bundle,single_product,30,UNUSED,2026-08-03,2026-09-02
404,TB-LSM2XUL4L6,Training Tools Bundle,single_product,30,UNUSED,2026-08-03,2026-09-02
405,TB-X4AADZVVTO,Training Tools Bundle,single_product,30,UNUSED,2026-08-03,2026-09-02
406,TB-S13IJ20XY0,Training Tools Bundle,single_product,30,UNUSED,2026-08-03,2026-09-02
407,TB-2MHA54QSEK,Training Tools Bundle,single_product,30,UNUSED,2026-08-03,2026-09-02
408,TB-I5JKIH4HGL,Training Tools Bundle,single_product,30,UNUSED,2026-08-03,2026-09-02
409,TB-53G2F1UDCS,Training Tools Bundle,single_product,30,UNUSED,2026-08-03,2026-09-02
410,TB-CDH7W2RNB0,Training Tools Bundle,single_product,30,UNUSED,2026-08-03,2026-09-02
411,TB-LA1WIWD72D,Training Tools Bundle,single_product,30,UNUSED,2026-08-03,2026-09-02
412,TB-ZYAH5EP0BV,Training Tools Bundle,single_product,30,UNUSED,2026-08-03,2026-09-02
413,TB-CKSD7Z1JZL,Training Tools Bundle,single_product,30,UNUSED,2026-08-03,2026-09-02
414,TB-ADF979O4F6,Training Tools Bundle,single_product,30,UNUSED,2026-08-03,2026-09-02
415,TB-0ICFTX4J9W,Training Tools Bundle,single_product,30,UNUSED,2026-08-03,2026-09-02
416,TB-T0GYGIUD1L,Training Tools Bundle,single_product,30,UNUSED,2026-08-03,2026-09-02
417,TB-VDCCEOHFVH,Training Tools Bundle,single_product,30,UNUSED,2026-08-03,2026-09-02
418,TB-6GJTI5NRDC,Training Tools Bundle,single_product,30,UNUSED,2026-08-03,2026-09-02
419,TB-FEHOMKFHGU,Training Tools Bundle,single_product,30,UNUSED,2026-08-03,2026-09-02
420,TB-QGTVGB04Q6,Training Tools Bundle,single_product,30,UNUSED,2026-08-03,2026-09-02
421,TB-27SU289IHI,Training Tools Bundle,single_product,30,UNUSED,2026-08-03,2026-09-02
422,TB-39B6513QDM,Training Tools Bundle,single_product,30,UNUSED,2026-08-03,2026-09-02
423,TB-XZ4JZ4M81S,Training Tools Bundle,single_product,30,UNUSED,2026-08-03,2026-09-02
424,TB-R35KOPP4XF,Training Tools Bundle,single_product,30,UNUSED,2026-08-03,2026-09-02
425,TB-91P3ZP7XPW,Training Tools Bundle,single_product,30,UNUSED,2026-08-03,2026-09-02
426,TB-1IWSUUNSGY,Training Tools Bundle,single_product,30,UNUSED,2026-08-03,2026-09-02
427,TB-Y9CNUMNGAZ,Training Tools Bundle,single_product,30,UNUSED,2026-08-03,2026-09-02
428,TB-EAJH8R908K,Training Tools Bundle,single_product,30,UNUSED,2026-08-03,2026-09-02
429,TB-0CQF78IYLD,Training Tools Bundle,single_product,30,UNUSED,2026-08-03,2026-09-02
430,TB-C1DXTNBF0J,Training Tools Bundle,single_product,30,UNUSED,2026-08-03,2026-09-02
431,TB-09U25O2MPC,Training Tools Bundle,single_product,30,UNUSED,2026-08-03,2026-09-02
432,TB-O93QKRISUR,Training Tools Bundle,single_product,30,UNUSED,2026-08-03,2026-09-02
433,TB-99LP9ULCN5,Training Tools Bundle,single_product,30,UNUSED,2026-08-03,2026-09-02
434,TB-CSLRZA3ZPP,Training Tools Bundle,single_product,30,UNUSED,2026-08-03,2026-09-02
435,TB-S27DTAM7W7,Training Tools Bundle,single_product,30,UNUSED,2026-08-03,2026-09-02
436,TB-25QOS97S5E,Training Tools Bundle,single_product,30,UNUSED,2026-08-03,2026-09-02
437,TB-R1ZE3DS3N9,Training Tools Bundle,single_product,30,UNUSED,2026-08-03,2026-09-02
438,TB-CN5L9RZR3T,Training Tools Bundle,single_product,30,UNUSED,2026-08-03,2026-09-02
439,TB-7BOM08P062,Training Tools Bundle,single_product,30,UNUSED,2026-08-03,2026-09-02
440,TB-265T0PT36N,Training Tools Bundle,single_product,30,UNUSED,2026-08-03,2026-09-02
441,TB-UGORK1SH5M,Training Tools Bundle,single_product,30,UNUSED,2026-08-03,2026-09-02
442,TB-23WYMUWS0L,Training Tools Bundle,single_product,30,UNUSED,2026-08-03,2026-09-02
443,TB-DXWF79QXRS,Training Tools Bundle,single_product,30,UNUSED,2026-08-03,2026-09-02
444,TB-GLMS5UI2KB,Training Tools Bundle,single_product,30,UNUSED,2026-08-03,2026-09-02
445,TB-EJR9VVJJQY,Training Tools Bundle,single_product,30,UNUSED,2026-08-03,2026-09-02
446,TB-8Z5YZL6AUU,Training Tools Bundle,single_product,30,UNUSED,2026-08-03,2026-09-02
447,TB-7RH1SMYMDM,Training Tools Bundle,single_product,30,UNUSED,2026-08-03,2026-09-02
448,TB-3JSXTW2C9Y,Training Tools Bundle,single_product,30,UNUSED,2026-08-03,2026-09-02
449,TB-X7URDF78LM,Training Tools Bundle,single_product,30,UNUSED,2026-08-03,2026-09-02
450,TB-TCITS0ZM43,Training Tools Bundle,single_product,30,UNUSED,2026-08-03,2026-09-02
451,TB-XYI8HVMTSY,Training Tools Bundle,single_product,30,UNUSED,2026-08-03,2026-09-02
452,TB-KJ2DWTVYF5,Training Tools Bundle,single_product,30,UNUSED,2026-08-03,2026-09-02
453,TB-6XBYYDWL9U,Training Tools Bundle,single_product,30,UNUSED,2026-08-03,2026-09-02
454,TB-I56I4H59WF,Training Tools Bundle,single_product,30,UNUSED,2026-08-03,2026-09-02
455,TB-ZYS2Q8SJDE,Training Tools Bundle,single_product,30,UNUSED,2026-08-03,2026-09-02
456,TB-97WLYLY96D,Training Tools Bundle,single_product,30,UNUSED,2026-08-03,2026-09-02
457,TB-667NZM7V1V,Training Tools Bundle,single_product,30,UNUSED,2026-08-03,2026-09-02
458,TB-25E2SBO5JQ,Training Tools Bundle,single_product,30,UNUSED,2026-08-03,2026-09-02
459,TB-FUARA04XGR,Training Tools Bundle,single_product,30,UNUSED,2026-08-03,2026-09-02
460,TB-S9HWRETVZV,Training Tools Bundle,single_product,30,UNUSED,2026-08-03,2026-09-02
461,TB-D3IQL97KAY,Training Tools Bundle,single_product,30,UNUSED,2026-08-03,2026-09-02
462,TB-XMCKBAUPQ9,Training Tools Bundle,single_product,30,UNUSED,2026-08-03,2026-09-02
463,TB-1YVP4LOF86,Training Tools Bundle,single_product,30,UNUSED,2026-08-03,2026-09-02
464,TB-TNW5O2281V,Training Tools Bundle,single_product,30,UNUSED,2026-08-03,2026-09-02
465,TB-YASU1WVXUB,Training Tools Bundle,single_product,30,UNUSED,2026-08-03,2026-09-02
466,TB-68X9XG2RBO,Training Tools Bundle,single_product,30,UNUSED,2026-08-03,2026-09-02
467,TB-2VM3F3SLP6,Training Tools Bundle,single_product,30,UNUSED,2026-08-03,2026-09-02
468,TB-JIJA8YLOYP,Training Tools Bundle,single_product,30,UNUSED,2026-08-03,2026-09-02
469,TB-EJ0MDV3252,Training Tools Bundle,single_product,30,UNUSED,2026-08-03,2026-09-02
470,TB-UBMTDMKDC3,Training Tools Bundle,single_product,30,UNUSED,2026-08-03,2026-09-02
471,TB-BRD24E30I3,Training Tools Bundle,single_product,30,UNUSED,2026-08-03,2026-09-02
472,TB-P04W2AFDPK,Training Tools Bundle,single_product,30,UNUSED,2026-08-03,2026-09-02
473,TB-CCWAKAKSUL,Training Tools Bundle,single_product,30,UNUSED,2026-08-03,2026-09-02
474,TB-2ZJOESLL7C,Training Tools Bundle,single_product,30,UNUSED,2026-08-03,2026-09-02
475,TB-QU1KDBI8JY,Training Tools Bundle,single_product,30,UNUSED,2026-08-03,2026-09-02
476,TB-SXXP8BXNQN,Training Tools Bundle,single_product,30,UNUSED,2026-08-03,2026-09-02
477,TB-Y7IHKY496N,Training Tools Bundle,single_product,30,UNUSED,2026-08-03,2026-09-02
478,TB-WD6A64TIXA,Training Tools Bundle,single_product,30,UNUSED,2026-08-03,2026-09-02
479,TB-J9A6BGR1P9,Training Tools Bundle,single_product,30,UNUSED,2026-08-03,2026-09-02
480,TB-TI4H3Q0B30,Training Tools Bundle,single_product,30,UNUSED,2026-08-03,2026-09-02
481,TB-EOAWS7IJLQ,Training Tools Bundle,single_product,30,UNUSED,2026-08-03,2026-09-02
482,TB-ZWDAYCUMWJ,Training Tools Bundle,single_product,30,UNUSED,2026-08-03,2026-09-02
483,TB-EQI0L7O9GS,Training Tools Bundle,single_product,30,UNUSED,2026-08-03,2026-09-02
484,TB-EZGB5AMBY2,Training Tools Bundle,single_product,30,UNUSED,2026-08-03,2026-09-02
485,TB-I1WI2029MF,Training Tools Bundle,single_product,30,UNUSED,2026-08-03,2026-09-02
486,TB-YSKISYH4F2,Training Tools Bundle,single_product,30,UNUSED,2026-08-03,2026-09-02
487,TB-PWZJTAAZHF,Training Tools Bundle,single_product,30,UNUSED,2026-08-03,2026-09-02
488,TB-MMUVYWUK3R,Training Tools Bundle,single_product,30,UNUSED,2026-08-03,2026-09-02
489,TB-IKSOT4VJZG,Training Tools Bundle,single_product,30,UNUSED,2026-08-03,2026-09-02
490,TB-PBDUC1YQQM,Training Tools Bundle,single_product,30,UNUSED,2026-08-03,2026-09-02
491,TB-GB88HKBVFZ,Training Tools Bundle,single_product,30,UNUSED,2026-08-03,2026-09-02
492,TB-R9AY47X6L7,Training Tools Bundle,single_product,30,UNUSED,2026-08-03,2026-09-02
493,TB-L50TEN5KKC,Training Tools Bundle,single_product,30,UNUSED,2026-08-03,2026-09-02
494,TB-FU6JPM5ESI,Training Tools Bundle,single_product,30,UNUSED,2026-08-03,2026-09-02
495,TB-1OQWNY7D5S,Training Tools Bundle,single_product,30,UNUSED,2026-08-03,2026-09-02
496,TB-44ORGXPDBX,Training Tools Bundle,single_product,30,UNUSED,2026-08-03,2026-09-02
497,TB-JAA8AZ0O6M,Training Tools Bundle,single_product,30,UNUSED,2026-08-03,2026-09-02
498,TB-5DUT3JB2KK,Training Tools Bundle,single_product,30,UNUSED,2026-08-03,2026-09-02
499,TB-QMZHGZL7Y9,Training Tools Bundle,single_product,30,UNUSED,2026-08-03,2026-09-02
500,TB-6QEBDNQ3FQ,Training Tools Bundle,single_product,30,UNUSED,2026-08-03,2026-09-02
501,TB-V5IDDJMWY4,Training Tools Bundle,single_product,30,UNUSED,2026-08-03,2026-09-02
502,TB-XNG1H2GOGR,Training Tools Bundle,single_product,30,UNUSED,2026-08-03,2026-09-02
503,TB-41S8VMAMV5,Training Tools Bundle,single_product,30,UNUSED,2026-08-03,2026-09-02
504,TB-QKZ1DD5IGZ,Training Tools Bundle,single_product,30,UNUSED,2026-08-03,2026-09-02
505,TB-BGTKZL4MC5,Training Tools Bundle,single_product,30,UNUSED,2026-08-03,2026-09-02
506,TB-YUYNE6E24L,Training Tools Bundle,single_product,30,UNUSED,2026-08-03,2026-09-02
507,TB-Q3MGJZ6STB,Training Tools Bundle,single_product,30,UNUSED,2026-08-03,2026-09-02
508,TB-R3JRV7A0NF,Training Tools Bundle,single_product,30,UNUSED,2026-08-03,2026-09-02
509,TB-QP1XREGIBC,Training Tools Bundle,single_product,30,UNUSED,2026-08-03,2026-09-02
510,TB-DGR2VFHQR5,Training Tools Bundle,single_product,30,UNUSED,2026-08-03,2026-09-02
511,TB-5XOU0DQE9H,Training Tools Bundle,single_product,30,UNUSED,2026-08-03,2026-09-02
512,TB-WEM0C0YW3B,Training Tools Bundle,single_product,30,UNUSED,2026-08-03,2026-09-02
513,TB-DHAGXTU1KL,Training Tools Bundle,single_product,30,UNUSED,2026-08-03,2026-09-02
514,TB-82O876UOX3,Training Tools Bundle,single_product,30,UNUSED,2026-08-03,2026-09-02
515,TB-EQ5GF8UG2U,Training Tools Bundle,single_product,30,UNUSED,2026-08-03,2026-09-02
516,TB-OLVWVUHSBI,Training Tools Bundle,single_product,30,UNUSED,2026-08-03,2026-09-02
517,TB-2IS1EV3XZL,Training Tools Bundle,single_product,30,UNUSED,2026-08-03,2026-09-02
518,TB-WIYKOFTLIT,Training Tools Bundle,single_product,30,UNUSED,2026-08-03,2026-09-02
519,TB-JUBHQV3Y0Z,Training Tools Bundle,single_product,30,UNUSED,2026-08-03,2026-09-02
520,TB-RRRWDK60G7,Training Tools Bundle,single_product,30,UNUSED,2026-08-03,2026-09-02
521,TB-PXWK7FFGLL,Training Tools Bundle,single_product,30,UNUSED,2026-08-03,2026-09-02
522,TB-9AQK9U51BD,Training Tools Bundle,single_product,30,UNUSED,2026-08-03,2026-09-02
523,TB-P6529MSX5P,Training Tools Bundle,single_product,30,UNUSED,2026-08-03,2026-09-02
524,TB-Y4VSE3HTUP,Training Tools Bundle,single_product,30,UNUSED,2026-08-03,2026-09-02
525,TB-WUII98GY9M,Training Tools Bundle,single_product,30,UNUSED,2026-08-03,2026-09-02
526,TB-6U21HBBFUG,Training Tools Bundle,single_product,30,UNUSED,2026-08-03,2026-09-02
527,TB-MCZ5P77YRT,Training Tools Bundle,single_product,30,UNUSED,2026-08-03,2026-09-02
528,TB-SMPS0DWATS,Training Tools Bundle,single_product,30,UNUSED,2026-08-03,2026-09-02
529,TB-8JWD6HBV7G,Training Tools Bundle,single_product,30,UNUSED,2026-08-03,2026-09-02
530,TB-R13BWCAA8C,Training Tools Bundle,single_product,30,UNUSED,2026-08-03,2026-09-02
531,TB-JYOYCOA2O4,Training Tools Bundle,single_product,30,UNUSED,2026-08-03,2026-09-02
532,TB-GC71BOFUN7,Training Tools Bundle,single_product,30,UNUSED,2026-08-03,2026-09-02
533,TB-ZKT14B2FP5,Training Tools Bundle,single_product,30,UNUSED,2026-08-03,2026-09-02
534,TB-B9CUNYSQR3,Training Tools Bundle,single_product,30,UNUSED,2026-08-03,2026-09-02
535,TB-3CILSZL0IB,Training Tools Bundle,single_product,30,UNUSED,2026-08-03,2026-09-02
536,TB-WJB8D3T08G,Training Tools Bundle,single_product,30,UNUSED,2026-08-03,2026-09-02
537,TB-Y6GJJBKUE5,Training Tools Bundle,single_product,30,UNUSED,2026-08-03,2026-09-02
538,TB-7Q2025QWZ5,Training Tools Bundle,single_product,30,UNUSED,2026-08-03,2026-09-02
539,TB-1OJWYFFOS3,Training Tools Bundle,single_product,30,UNUSED,2026-08-03,2026-09-02
540,TB-J80V2A7TPY,Training Tools Bundle,single_product,30,UNUSED,2026-08-03,2026-09-02
541,TB-R36C2D8L9C,Training Tools Bundle,single_product,30,UNUSED,2026-08-03,2026-09-02
542,TB-J2MEYEFIY2,Training Tools Bundle,single_product,30,UNUSED,2026-08-03,2026-09-02
543,TB-8S2F78JI3O,Training Tools Bundle,single_product,30,UNUSED,2026-08-03,2026-09-02
544,TB-0VATQXHWP1,Training Tools Bundle,single_product,30,UNUSED,2026-08-03,2026-09-02
545,TB-VPN82KV5LR,Training Tools Bundle,single_product,30,UNUSED,2026-08-03,2026-09-02
546,TB-Y569CFU6OF,Training Tools Bundle,single_product,30,UNUSED,2026-08-03,2026-09-02
547,TB-IGCYDHUQB3,Training Tools Bundle,single_product,30,UNUSED,2026-08-03,2026-09-02
548,TB-AWH2NFFQVW,Training Tools Bundle,single_product,30,UNUSED,2026-08-03,2026-09-02
549,TB-649TMB26GK,Training Tools Bundle,single_product,30,UNUSED,2026-08-03,2026-09-02
550,TB-6TVY0TWZ8B,Training Tools Bundle,single_product,30,UNUSED,2026-08-03,2026-09-02
551,TB-8RX7W5PUBP,Training Tools Bundle,single_product,30,UNUSED,2026-08-03,2026-09-02
552,TB-37J2RW9O87,Training Tools Bundle,single_product,30,UNUSED,2026-08-03,2026-09-02
553,TB-FFGPYJBAHD,Training Tools Bundle,single_product,30,UNUSED,2026-08-03,2026-09-02
554,TB-K040RVBKC4,Training Tools Bundle,single_product,30,UNUSED,2026-08-03,2026-09-02
555,TB-OBNLCCRHXY,Training Tools Bundle,single_product,30,UNUSED,2026-08-03,2026-09-02
556,TB-KX0I4SOLE4,Training Tools Bundle,single_product,30,UNUSED,2026-08-03,2026-09-02
557,TB-EVJN1IA1IS,Training Tools Bundle,single_product,30,UNUSED,2026-08-03,2026-09-02
558,TB-K5EOIDKSIO,Training Tools Bundle,single_product,30,UNUSED,2026-08-03,2026-09-02
559,TB-00AWU8UDCB,Training Tools Bundle,single_product,30,UNUSED,2026-08-03,2026-09-02
560,TB-YFUB1CSW5M,Training Tools Bundle,single_product,30,UNUSED,2026-08-03,2026-09-02
561,TB-OMKZVXUNU1,Training Tools Bundle,single_product,30,UNUSED,2026-08-03,2026-09-02
562,TB-57SQ24ML0M,Training Tools Bundle,single_product,30,UNUSED,2026-08-03,2026-09-02
563,TB-EDNFWQ3WJ9,Training Tools Bundle,single_product,30,UNUSED,2026-08-03,2026-09-02
564,TB-GMBAJMFIXO,Training Tools Bundle,single_product,30,UNUSED,2026-08-03,2026-09-02
565,TB-NXJ3ZYO9O2,Training Tools Bundle,single_product,30,UNUSED,2026-08-03,2026-09-02
566,TB-TS0YANPT9B,Training Tools Bundle,single_product,30,UNUSED,2026-08-03,2026-09-02
567,TB-N1BSL1XKVN,Training Tools Bundle,single_product,30,UNUSED,2026-08-03,2026-09-02
568,TB-MWF6QYILAD,Training Tools Bundle,single_product,30,UNUSED,2026-08-03,2026-09-02
569,TB-QJX6LJ8MZZ,Training Tools Bundle,single_product,30,UNUSED,2026-08-03,2026-09-02
570,TB-WYVV8ZNX4W,Training Tools Bundle,single_product,30,UNUSED,2026-08-03,2026-09-02
571,TB-L5YSGHVNA4,Training Tools Bundle,single_product,30,UNUSED,2026-08-03,2026-09-02
572,TB-8OU8MJP2FO,Training Tools Bundle,single_product,30,UNUSED,2026-08-03,2026-09-02
573,TB-03O2WD99S8,Training Tools Bundle,single_product,30,UNUSED,2026-08-03,2026-09-02
574,TB-GDJKVBL2Y1,Training Tools Bundle,single_product,30,UNUSED,2026-08-03,2026-09-02
575,TB-W18JJ4OPI1,Training Tools Bundle,single_product,30,UNUSED,2026-08-03,2026-09-02
576,TB-TM6GFEWO6W,Training Tools Bundle,single_product,30,UNUSED,2026-08-03,2026-09-02
577,TB-GPC52N2CB0,Training Tools Bundle,single_product,30,UNUSED,2026-08-03,2026-09-02
578,TB-1DN3XZHDPP,Training Tools Bundle,single_product,30,UNUSED,2026-08-03,2026-09-02
579,TB-RBDEDUO6G3,Training Tools Bundle,single_product,30,UNUSED,2026-08-03,2026-09-02
580,TB-JAAB695WSB,Training Tools Bundle,single_product,30,UNUSED,2026-08-03,2026-09-02
581,TB-8FG9RJ3HNX,Training Tools Bundle,single_product,30,UNUSED,2026-08-03,2026-09-02
582,TB-43L25NB6Q3,Training Tools Bundle,single_product,30,UNUSED,2026-08-03,2026-09-02
583,TB-R8GDRWIM5J,Training Tools Bundle,single_product,30,UNUSED,2026-08-03,2026-09-02
584,TB-6A2V713M6H,Training Tools Bundle,single_product,30,UNUSED,2026-08-03,2026-09-02
585,TB-95SXJF6AQL,Training Tools Bundle,single_product,30,UNUSED,2026-08-03,2026-09-02
586,TB-XA6VRI8WXK,Training Tools Bundle,single_product,30,UNUSED,2026-08-03,2026-09-02
587,TB-DCCLLMTMAO,Training Tools Bundle,single_product,30,UNUSED,2026-08-03,2026-09-02
588,TB-A8CF6RVEOK,Training Tools Bundle,single_product,30,UNUSED,2026-08-03,2026-09-02
589,TB-YFSKMDLH4J,Training Tools Bundle,single_product,30,UNUSED,2026-08-03,2026-09-02
590,TB-R78SDNNKEM,Training Tools Bundle,single_product,30,UNUSED,2026-08-03,2026-09-02
591,TB-TG5HEIM4G1,Training Tools Bundle,single_product,30,UNUSED,2026-08-03,2026-09-02
592,TB-XE1SH4DFWM,Training Tools Bundle,single_product,30,UNUSED,2026-08-03,2026-09-02
593,TB-JGZBH4QGED,Training Tools Bundle,single_product,30,UNUSED,2026-08-03,2026-09-02
594,TB-37LSDYQGNB,Training Tools Bundle,single_product,30,UNUSED,2026-08-03,2026-09-02
595,TB-3YU6AID1D2,Training Tools Bundle,single_product,30,UNUSED,2026-08-03,2026-09-02
596,TB-UMWL2HAQET,Training Tools Bundle,single_product,30,UNUSED,2026-08-03,2026-09-02
597,TB-5EDAX54RPX,Training Tools Bundle,single_product,30,UNUSED,2026-08-03,2026-09-02
598,TB-JEJJFWP1LT,Training Tools Bundle,single_product,30,UNUSED,2026-08-03,2026-09-02
599,TB-NO4I6Z73PO,Training Tools Bundle,single_product,30,UNUSED,2026-08-03,2026-09-02
600,TB-W7MCASJT5W,Training Tools Bundle,single_product,30,UNUSED,2026-08-03,2026-09-02
601,TB-NP8N1R5DOO,Training Tools Bundle,single_product,30,UNUSED,2026-08-03,2026-09-02
602,TB-P50A4ZKUTD,Training Tools Bundle,single_product,30,UNUSED,2026-08-03,2026-09-02
603,TB-AR3N6TTP5L,Training Tools Bundle,single_product,30,UNUSED,2026-08-03,2026-09-02
604,TB-CNPFPX5K3I,Training Tools Bundle,single_product,30,UNUSED,2026-08-03,2026-09-02
605,TB-87E55UZSRW,Training Tools Bundle,single_product,30,UNUSED,2026-08-03,2026-09-02
606,TB-MY729WJMYA,Training Tools Bundle,single_product,30,UNUSED,2026-08-03,2026-09-02
607,TB-EAS6BNJY9A,Training Tools Bundle,single_product,30,UNUSED,2026-08-03,2026-09-02
608,TB-MQK2SZPVHF,Training Tools Bundle,single_product,30,UNUSED,2026-08-03,2026-09-02
609,TB-740IPARB7W,Training Tools Bundle,single_product,30,UNUSED,2026-08-03,2026-09-02
610,TB-6DCY1HDB4F,Training Tools Bundle,single_product,30,UNUSED,2026-08-03,2026-09-02
611,TB-ASKX5SBWZ4,Training Tools Bundle,single_product,30,UNUSED,2026-08-03,2026-09-02
612,TB-SBL6IY9WE2,Training Tools Bundle,single_product,30,UNUSED,2026-08-03,2026-09-02
613,TB-CDMIZGSF1I,Training Tools Bundle,single_product,30,UNUSED,2026-08-03,2026-09-02
614,TB-D6COU52KMR,Training Tools Bundle,single_product,30,UNUSED,2026-08-03,2026-09-02
615,TB-2URT5P95GD,Training Tools Bundle,single_product,30,UNUSED,2026-08-03,2026-09-02
616,TB-578ZVLR792,Training Tools Bundle,single_product,30,UNUSED,2026-08-03,2026-09-02
617,TB-W1NRWERU17,Training Tools Bundle,single_product,30,UNUSED,2026-08-03,2026-09-02
618,TB-M2ZLXLV72P,Training Tools Bundle,single_product,30,UNUSED,2026-08-03,2026-09-02
619,TB-JN34DRAPYF,Training Tools Bundle,single_product,30,UNUSED,2026-08-03,2026-09-02
620,TB-ZN6E19WR5S,Training Tools Bundle,single_product,30,UNUSED,2026-08-03,2026-09-02
621,TB-L9R4WAL6A4,Training Tools Bundle,single_product,30,UNUSED,2026-08-03,2026-09-02
622,TB-TY2TRU6SBN,Training Tools Bundle,single_product,30,UNUSED,2026-08-03,2026-09-02
623,TB-XMP4UEUYV5,Training Tools Bundle,single_product,30,UNUSED,2026-08-03,2026-09-02
624,TB-6X5GTCEK84,Training Tools Bundle,single_product,30,UNUSED,2026-08-03,2026-09-02
625,TB-X4EXN1IBAK,Training Tools Bundle,single_product,30,UNUSED,2026-08-03,2026-09-02
626,TB-V2FTG0DQKA,Training Tools Bundle,single_product,30,UNUSED,2026-08-03,2026-09-02
627,TB-QQNST55M0S,Training Tools Bundle,single_product,30,UNUSED,2026-08-03,2026-09-02
628,TB-T0AQ3ZS57S,Training Tools Bundle,single_product,30,UNUSED,2026-08-03,2026-09-02
629,TB-HA0XNID7KD,Training Tools Bundle,single_product,30,UNUSED,2026-08-03,2026-09-02
630,TB-D57LD0A37D,Training Tools Bundle,single_product,30,UNUSED,2026-08-03,2026-09-02
631,TB-CPTUTZVLBE,Training Tools Bundle,single_product,30,UNUSED,2026-08-03,2026-09-02
632,TB-F8G3O2FJEI,Training Tools Bundle,single_product,30,UNUSED,2026-08-03,2026-09-02
633,TB-NSD71VIIPZ,Training Tools Bundle,single_product,30,UNUSED,2026-08-03,2026-09-02
634,TB-XXUUBJM53Q,Training Tools Bundle,single_product,30,UNUSED,2026-08-03,2026-09-02
635,TB-D8WFCAXKAD,Training Tools Bundle,single_product,30,UNUSED,2026-08-03,2026-09-02
636,TB-T5CXUK5HIY,Training Tools Bundle,single_product,30,UNUSED,2026-08-03,2026-09-02
637,TB-TI562KK04T,Training Tools Bundle,single_product,30,UNUSED,2026-08-03,2026-09-02
638,TB-XPE1HVDF64,Training Tools Bundle,single_product,30,UNUSED,2026-08-03,2026-09-02
639,TB-BNXFQMLTS7,Training Tools Bundle,single_product,30,UNUSED,2026-08-03,2026-09-02
640,TB-8E2IEJBT3Y,Training Tools Bundle,single_product,30,UNUSED,2026-08-03,2026-09-02
641,TB-2VOYK9N17A,Training Tools Bundle,single_product,30,UNUSED,2026-08-03,2026-09-02
642,TB-CGREYB112D,Training Tools Bundle,single_product,30,UNUSED,2026-08-03,2026-09-02
643,TB-SEFBA6WTOK,Training Tools Bundle,single_product,30,UNUSED,2026-08-03,2026-09-02
644,TB-Y9T9LYIMZ0,Training Tools Bundle,single_product,30,UNUSED,2026-08-03,2026-09-02
645,TB-UTT434FC6U,Training Tools Bundle,single_product,30,UNUSED,2026-08-03,2026-09-02
646,TB-15BNLJFWSX,Training Tools Bundle,single_product,30,UNUSED,2026-08-03,2026-09-02
647,TB-VCZ06P0BC9,Training Tools Bundle,single_product,30,UNUSED,2026-08-03,2026-09-02
648,TB-6C23UZQGLC,Training Tools Bundle,single_product,30,UNUSED,2026-08-03,2026-09-02
649,TB-NEMTSCXMGL,Training Tools Bundle,single_product,30,UNUSED,2026-08-03,2026-09-02
650,TB-P16S7XJOPJ,Training Tools Bundle,single_product,30,UNUSED,2026-08-03,2026-09-02
651,TB-RN7K5CH346,Training Tools Bundle,single_product,30,UNUSED,2026-08-03,2026-09-02
652,TB-KNAYM76FLA,Training Tools Bundle,single_product,30,UNUSED,2026-08-03,2026-09-02
653,TB-5JZ6WNPJLJ,Training Tools Bundle,single_product,30,UNUSED,2026-08-03,2026-09-02
654,TB-8P6VDFZN53,Training Tools Bundle,single_product,30,UNUSED,2026-08-03,2026-09-02
655,TB-2CPX7DJIMR,Training Tools Bundle,single_product,30,UNUSED,2026-08-03,2026-09-02
656,TB-UBCIKR78QJ,Training Tools Bundle,single_product,30,UNUSED,2026-08-03,2026-09-02
657,TB-DR750RSV2P,Training Tools Bundle,single_product,30,UNUSED,2026-08-03,2026-09-02
658,TB-KTU1OH6UYL,Training Tools Bundle,single_product,30,UNUSED,2026-08-03,2026-09-02
659,TB-1BJYNTYLDU,Training Tools Bundle,single_product,30,UNUSED,2026-08-03,2026-09-02
660,TB-E94SNGMKT3,Training Tools Bundle,single_product,30,UNUSED,2026-08-03,2026-09-02
661,TB-DSQS8QHS4O,Training Tools Bundle,single_product,30,UNUSED,2026-08-03,2026-09-02
662,TB-MKQA6IL1IB,Training Tools Bundle,single_product,30,UNUSED,2026-08-03,2026-09-02
663,TB-R6D55IFP99,Training Tools Bundle,single_product,30,UNUSED,2026-08-03,2026-09-02
664,TB-VMWVG5CC5O,Training Tools Bundle,single_product,30,UNUSED,2026-08-03,2026-09-02
665,TB-OLG1YZKUYI,Training Tools Bundle,single_product,30,UNUSED,2026-08-03,2026-09-02
666,TB-VSI3TAGDUM,Training Tools Bundle,single_product,30,UNUSED,2026-08-03,2026-09-02
667,TB-125HR71HZQ,Training Tools Bundle,single_product,30,UNUSED,2026-08-03,2026-09-02
668,TB-9025MCEOVI,Training Tools Bundle,single_product,30,UNUSED,2026-08-03,2026-09-02
669,TB-F4UHADH4GD,Training Tools Bundle,single_product,30,UNUSED,2026-08-03,2026-09-02
670,TB-TGTUGSDG62,Training Tools Bundle,single_product,30,UNUSED,2026-08-03,2026-09-02
671,TB-KRXU1EZ7MS,Training Tools Bundle,single_product,30,UNUSED,2026-08-03,2026-09-02
672,TB-7PB7LGLIHV,Training Tools Bundle,single_product,30,UNUSED,2026-08-03,2026-09-02
673,TB-ZKMSD38QXP,Training Tools Bundle,single_product,30,UNUSED,2026-08-03,2026-09-02
674,TB-Z6167LOBHD,Training Tools Bundle,single_product,30,UNUSED,2026-08-03,2026-09-02
675,TB-W2LDDVFG6Z,Training Tools Bundle,single_product,30,UNUSED,2026-08-03,2026-09-02
676,TB-W5CMXCUS1A,Training Tools Bundle,single_product,30,UNUSED,2026-08-03,2026-09-02
677,TB-7D1RHY726F,Training Tools Bundle,single_product,30,UNUSED,2026-08-03,2026-09-02
678,TB-SNDEPNSKID,Training Tools Bundle,single_product,30,UNUSED,2026-08-03,2026-09-02
679,TB-0KQCC8BJAO,Training Tools Bundle,single_product,30,UNUSED,2026-08-03,2026-09-02
680,TB-JIT7A96FPL,Training Tools Bundle,single_product,30,UNUSED,2026-08-03,2026-09-02
681,TB-GJI2HB7DC0,Training Tools Bundle,single_product,30,UNUSED,2026-08-03,2026-09-02
682,TB-WIK726K3HK,Training Tools Bundle,single_product,30,UNUSED,2026-08-03,2026-09-02
683,TB-MM2FIMYYWZ,Training Tools Bundle,single_product,30,UNUSED,2026-08-03,2026-09-02
684,TB-PKY9LX6V66,Training Tools Bundle,single_product,30,UNUSED,2026-08-03,2026-09-02
685,TB-2QM8KAO2VR,Training Tools Bundle,single_product,30,UNUSED,2026-08-03,2026-09-02
686,TB-W8IQK5W70A,Training Tools Bundle,single_product,30,UNUSED,2026-08-03,2026-09-02
687,TB-AB241F4YIQ,Training Tools Bundle,single_product,30,UNUSED,2026-08-03,2026-09-02
688,TB-TB8B5YCERG,Training Tools Bundle,single_product,30,UNUSED,2026-08-03,2026-09-02
689,TB-V3APDDC3KM,Training Tools Bundle,single_product,30,UNUSED,2026-08-03,2026-09-02
690,TB-HZ894JPXEC,Training Tools Bundle,single_product,30,UNUSED,2026-08-03,2026-09-02
691,TB-259NMONQNB,Training Tools Bundle,single_product,30,UNUSED,2026-08-03,2026-09-02
692,TB-J4HCDWUKLM,Training Tools Bundle,single_product,30,UNUSED,2026-08-03,2026-09-02
693,TB-XJPZ1R4C2Q,Training Tools Bundle,single_product,30,UNUSED,2026-08-03,2026-09-02
694,TB-FYA8BLB7HD,Training Tools Bundle,single_product,30,UNUSED,2026-08-03,2026-09-02
695,TB-RQI0QV4VZ6,Training Tools Bundle,single_product,30,UNUSED,2026-08-03,2026-09-02
696,TB-UVGNNJO146,Training Tools Bundle,single_product,30,UNUSED,2026-08-03,2026-09-02
697,TB-ADMXTQM96P,Training Tools Bundle,single_product,30,UNUSED,2026-08-03,2026-09-02
698,TB-QXGRWQSO6O,Training Tools Bundle,single_product,30,UNUSED,2026-08-03,2026-09-02
699,TB-4683FWQMO6,Training Tools Bundle,single_product,30,UNUSED,2026-08-03,2026-09-02
700,TB-91MQC8QQSS,Training Tools Bundle,single_product,30,UNUSED,2026-08-03,2026-09-02
701,TB-I95KAPATSM,Training Tools Bundle,single_product,30,UNUSED,2026-08-03,2026-09-02
702,TB-BJRYNBOPAA,Training Tools Bundle,single_product,30,UNUSED,2026-08-03,2026-09-02
703,TB-CU2TTSGKEV,Training Tools Bundle,single_product,30,UNUSED,2026-08-03,2026-09-02
704,TB-6SD6SMAYWT,Training Tools Bundle,single_product,30,UNUSED,2026-08-03,2026-09-02
705,TB-56KHTTUDVE,Training Tools Bundle,single_product,30,UNUSED,2026-08-03,2026-09-02
706,TB-Y8FLPDA64C,Training Tools Bundle,single_product,30,UNUSED,2026-08-03,2026-09-02
707,TB-JO2DIOD2AO,Training Tools Bundle,single_product,30,UNUSED,2026-08-03,2026-09-02
708,TB-IBS4PRQGFP,Training Tools Bundle,single_product,30,UNUSED,2026-08-03,2026-09-02
709,TB-EDX72J7TCN,Training Tools Bundle,single_product,30,UNUSED,2026-08-03,2026-09-02
710,TB-I13SA3SDJ0,Training Tools Bundle,single_product,30,UNUSED,2026-08-03,2026-09-02
711,TB-7HB5YU1SNS,Training Tools Bundle,single_product,30,UNUSED,2026-08-03,2026-09-02
712,TB-UDMIJM92T1,Training Tools Bundle,single_product,30,UNUSED,2026-08-03,2026-09-02
713,TB-C5IL5D56BV,Training Tools Bundle,single_product,30,UNUSED,2026-08-03,2026-09-02
714,TB-U0YCX2C4S8,Training Tools Bundle,single_product,30,UNUSED,2026-08-03,2026-09-02
715,TB-NQ65YZ2KNU,Training Tools Bundle,single_product,30,UNUSED,2026-08-03,2026-09-02
716,TB-7UDSD8NUQE,Training Tools Bundle,single_product,30,UNUSED,2026-08-03,2026-09-02
717,TB-KKQ5Y22721,Training Tools Bundle,single_product,30,UNUSED,2026-08-03,2026-09-02
718,TB-QR92AMPK5J,Training Tools Bundle,single_product,30,UNUSED,2026-08-03,2026-09-02
719,TB-I96ZTMPVD3,Training Tools Bundle,single_product,30,UNUSED,2026-08-03,2026-09-02
720,TB-Z24EX5AUEP,Training Tools Bundle,single_product,30,UNUSED,2026-08-03,2026-09-02
721,TB-H6QJKT0A27,Training Tools Bundle,single_product,30,UNUSED,2026-08-03,2026-09-02
722,TB-I9D0V1CVZ5,Training Tools Bundle,single_product,30,UNUSED,2026-08-03,2026-09-02
723,TB-I95B7VEF48,Training Tools Bundle,single_product,30,UNUSED,2026-08-03,2026-09-02
724,TB-4AM6H6YREJ,Training Tools Bundle,single_product,30,UNUSED,2026-08-03,2026-09-02
725,TB-KTFG2CDINB,Training Tools Bundle,single_product,30,UNUSED,2026-08-03,2026-09-02
726,TB-PHS21EYV2V,Training Tools Bundle,single_product,30,UNUSED,2026-08-03,2026-09-02
727,TB-SR1ZTDX930,Training Tools Bundle,single_product,30,UNUSED,2026-08-03,2026-09-02
728,TB-64ZWCSHNC1,Training Tools Bundle,single_product,30,UNUSED,2026-08-03,2026-09-02
729,TB-1HXK90BUD8,Training Tools Bundle,single_product,30,UNUSED,2026-08-03,2026-09-02
730,TB-QT9ZIFGMJS,Training Tools Bundle,single_product,30,UNUSED,2026-08-03,2026-09-02
731,TB-P13TV12TJI,Training Tools Bundle,single_product,30,UNUSED,2026-08-03,2026-09-02
732,TB-F2ZS5EN4YD,Training Tools Bundle,single_product,30,UNUSED,2026-08-03,2026-09-02
733,TB-9ZBJLSX5ZL,Training Tools Bundle,single_product,30,UNUSED,2026-08-03,2026-09-02
734,TB-UDP8C9DLCB,Training Tools Bundle,single_product,30,UNUSED,2026-08-03,2026-09-02
735,TB-NNTLH1JX7S,Training Tools Bundle,single_product,30,UNUSED,2026-08-03,2026-09-02
736,TB-U7R4TOF9GJ,Training Tools Bundle,single_product,30,UNUSED,2026-08-03,2026-09-02
737,TB-3N2HGC20GE,Training Tools Bundle,single_product,30,UNUSED,2026-08-03,2026-09-02
738,TB-AAAA74BVBH,Training Tools Bundle,single_product,30,UNUSED,2026-08-03,2026-09-02
739,TB-DIRY50X9LV,Training Tools Bundle,single_product,30,UNUSED,2026-08-03,2026-09-02
740,TB-QC94Q0SD15,Training Tools Bundle,single_product,30,UNUSED,2026-08-03,2026-09-02
741,TB-CL4YO9HF3Y,Training Tools Bundle,single_product,30,UNUSED,2026-08-03,2026-09-02
742,TB-3BNKZAO43N,Training Tools Bundle,single_product,30,UNUSED,2026-08-03,2026-09-02
743,TB-65X5BSV8OB,Training Tools Bundle,single_product,30,UNUSED,2026-08-03,2026-09-02
744,TB-VTIRZEF5CU,Training Tools Bundle,single_product,30,UNUSED,2026-08-03,2026-09-02
745,TB-RW6BZ83DOA,Training Tools Bundle,single_product,30,UNUSED,2026-08-03,2026-09-02
746,TB-5FQ2JDT2UH,Training Tools Bundle,single_product,30,UNUSED,2026-08-03,2026-09-02
747,TB-KE6P55T3R2,Training Tools Bundle,single_product,30,UNUSED,2026-08-03,2026-09-02
748,TB-DWDVUWL9XJ,Training Tools Bundle,single_product,30,UNUSED,2026-08-03,2026-09-02
749,TB-84CUHT7CNN,Training Tools Bundle,single_product,30,UNUSED,2026-08-03,2026-09-02
750,TB-CBE585YOOV,Training Tools Bundle,single_product,30,UNUSED,2026-08-03,2026-09-02
751,TB-AB2D19RA5X,Training Tools Bundle,single_product,30,UNUSED,2026-08-03,2026-09-02
752,TB-WB07ISAJJA,Training Tools Bundle,single_product,30,UNUSED,2026-08-03,2026-09-02
753,TB-SQF8N4014S,Training Tools Bundle,single_product,30,UNUSED,2026-08-03,2026-09-02
754,TB-7TWODSX0B8,Training Tools Bundle,single_product,30,UNUSED,2026-08-03,2026-09-02
755,TB-T8PPWN63UA,Training Tools Bundle,single_product,30,UNUSED,2026-08-03,2026-09-02
756,TB-7YPXCECM1P,Training Tools Bundle,single_product,30,UNUSED,2026-08-03,2026-09-02
757,TB-BYXADDYGK0,Training Tools Bundle,single_product,30,UNUSED,2026-08-03,2026-09-02
758,TB-0P26X91B61,Training Tools Bundle,single_product,30,UNUSED,2026-08-03,2026-09-02
759,TB-EHZ5OSZYF0,Training Tools Bundle,single_product,30,UNUSED,2026-08-03,2026-09-02
760,TB-1IPXL5V2CI,Training Tools Bundle,single_product,30,UNUSED,2026-08-03,2026-09-02
761,TB-OK8YCIWPKX,Training Tools Bundle,single_product,30,UNUSED,2026-08-03,2026-09-02
762,TB-0J7RENSZ8F,Training Tools Bundle,single_product,30,UNUSED,2026-08-03,2026-09-02
763,TB-0SIAKRR6H3,Training Tools Bundle,single_product,30,UNUSED,2026-08-03,2026-09-02
764,TB-HYGJGUX1RO,Training Tools Bundle,single_product,30,UNUSED,2026-08-03,2026-09-02
765,TB-679U41FOHC,Training Tools Bundle,single_product,30,UNUSED,2026-08-03,2026-09-02
766,TB-W40XXAHSB0,Training Tools Bundle,single_product,30,UNUSED,2026-08-03,2026-09-02
767,TB-0LL612DSCK,Training Tools Bundle,single_product,30,UNUSED,2026-08-03,2026-09-02
768,TB-DWQ0R30WDW,Training Tools Bundle,single_product,30,UNUSED,2026-08-03,2026-09-02
769,TB-0LPY3DWWOS,Training Tools Bundle,single_product,30,UNUSED,2026-08-03,2026-09-02
770,TB-5ZC9RT5OUI,Training Tools Bundle,single_product,30,UNUSED,2026-08-03,2026-09-02
771,TB-TCAAGV1VQF,Training Tools Bundle,single_product,30,UNUSED,2026-08-03,2026-09-02
772,TB-G6CJ58CPOM,Training Tools Bundle,single_product,30,UNUSED,2026-08-03,2026-09-02
773,TB-SAJKIDBZS3,Training Tools Bundle,single_product,30,UNUSED,2026-08-03,2026-09-02
774,TB-KRNLBA4W21,Training Tools Bundle,single_product,30,UNUSED,2026-08-03,2026-09-02
775,TB-DACB5TYTP0,Training Tools Bundle,single_product,30,UNUSED,2026-08-03,2026-09-02
776,TB-VNH2DINLOJ,Training Tools Bundle,single_product,30,UNUSED,2026-08-03,2026-09-02
777,TB-T5UZBNACKE,Training Tools Bundle,single_product,30,UNUSED,2026-08-03,2026-09-02
778,TB-4271GVNNXU,Training Tools Bundle,single_product,30,UNUSED,2026-08-03,2026-09-02
779,TB-CRQNFBWUSE,Training Tools Bundle,single_product,30,UNUSED,2026-08-03,2026-09-02
780,TB-A67K12VQH8,Training Tools Bundle,single_product,30,UNUSED,2026-08-03,2026-09-02
781,TB-SJ3ADLTBID,Training Tools Bundle,single_product,30,UNUSED,2026-08-03,2026-09-02
782,TB-8IPM11HC3P,Training Tools Bundle,single_product,30,UNUSED,2026-08-03,2026-09-02
783,TB-6NU9676ESJ,Training Tools Bundle,single_product,30,UNUSED,2026-08-03,2026-09-02
784,TB-LXFQ57HKDG,Training Tools Bundle,single_product,30,UNUSED,2026-08-03,2026-09-02
785,TB-EB07U42AJN,Training Tools Bundle,single_product,30,UNUSED,2026-08-03,2026-09-02
786,TB-F1ABCKPYN5,Training Tools Bundle,single_product,30,UNUSED,2026-08-03,2026-09-02
787,TB-Z48XZ98C3Q,Training Tools Bundle,single_product,30,UNUSED,2026-08-03,2026-09-02
788,TB-IW1O6UN2XI,Training Tools Bundle,single_product,30,UNUSED,2026-08-03,2026-09-02
789,TB-5XGYZ0TABT,Training Tools Bundle,single_product,30,UNUSED,2026-08-03,2026-09-02
790,TB-F8R7AO5BXS,Training Tools Bundle,single_product,30,UNUSED,2026-08-03,2026-09-02
791,TB-94ZTBUPJU8,Training Tools Bundle,single_product,30,UNUSED,2026-08-03,2026-09-02
792,TB-ZG9Q60E97E,Training Tools Bundle,single_product,30,UNUSED,2026-08-03,2026-09-02
793,TB-VHM398QP2I,Training Tools Bundle,single_product,30,UNUSED,2026-08-03,2026-09-02
794,TB-9SYQ6JLB7F,Training Tools Bundle,single_product,30,UNUSED,2026-08-03,2026-09-02
795,TB-U69OS0R4T0,Training Tools Bundle,single_product,30,UNUSED,2026-08-03,2026-09-02
796,TB-EKCJU471UO,Training Tools Bundle,single_product,30,UNUSED,2026-08-03,2026-09-02
797,TB-ZZAOIKBZI6,Training Tools Bundle,single_product,30,UNUSED,2026-08-03,2026-09-02
798,TB-Q6I8LJBE0Z,Training Tools Bundle,single_product,30,UNUSED,2026-08-03,2026-09-02
799,TB-IR7U41V6Z2,Training Tools Bundle,single_product,30,UNUSED,2026-08-03,2026-09-02
800,TB-C91028W9WE,Training Tools Bundle,single_product,30,UNUSED,2026-08-03,2026-09-02
801,TB-MJ625C6Z3I,Training Tools Bundle,single_product,30,UNUSED,2026-08-03,2026-09-02
802,TB-68JECP6VML,Training Tools Bundle,single_product,30,UNUSED,2026-08-03,2026-09-02
803,TB-6GRNCG0961,Training Tools Bundle,single_product,30,UNUSED,2026-08-03,2026-09-02
804,TB-8457IHSV5V,Training Tools Bundle,single_product,30,UNUSED,2026-08-03,2026-09-02
805,TB-TTHYNBAO7B,Training Tools Bundle,single_product,30,UNUSED,2026-08-03,2026-09-02
806,TB-X1ETHBS71Z,Training Tools Bundle,single_product,30,UNUSED,2026-08-03,2026-09-02
807,TB-Y9E5W7WGMJ,Training Tools Bundle,single_product,30,UNUSED,2026-08-03,2026-09-02
808,TB-CKIZIHKMDY,Training Tools Bundle,single_product,30,UNUSED,2026-08-03,2026-09-02
809,TB-JG47U2NF1F,Training Tools Bundle,single_product,30,UNUSED,2026-08-03,2026-09-02
810,TB-EUX3OSJ1RD,Training Tools Bundle,single_product,30,UNUSED,2026-08-03,2026-09-02
811,TB-2HR2EZ26KN,Training Tools Bundle,single_product,30,UNUSED,2026-08-03,2026-09-02
812,TB-TA4XZUFSPW,Training Tools Bundle,single_product,30,UNUSED,2026-08-03,2026-09-02
813,TB-Q395JJV3PU,Training Tools Bundle,single_product,30,UNUSED,2026-08-03,2026-09-02
814,TB-LB1PB5843N,Training Tools Bundle,single_product,30,UNUSED,2026-08-03,2026-09-02
815,TB-1IDN9ABMOG,Training Tools Bundle,single_product,30,UNUSED,2026-08-03,2026-09-02
816,TB-JKV7CIU2HC,Training Tools Bundle,single_product,30,UNUSED,2026-08-03,2026-09-02
817,TB-9AWZG8C8AQ,Training Tools Bundle,single_product,30,UNUSED,2026-08-03,2026-09-02
818,TB-17V3JQVC2W,Training Tools Bundle,single_product,30,UNUSED,2026-08-03,2026-09-02
819,TB-GEDMFANSF1,Training Tools Bundle,single_product,30,UNUSED,2026-08-03,2026-09-02
820,TB-GZMXHSUFFY,Training Tools Bundle,single_product,30,UNUSED,2026-08-03,2026-09-02
821,TB-Y1H4U3F32Z,Training Tools Bundle,single_product,30,UNUSED,2026-08-03,2026-09-02
822,TB-3R954766IZ,Training Tools Bundle,single_product,30,UNUSED,2026-08-03,2026-09-02
823,TB-UBI7JU4E36,Training Tools Bundle,single_product,30,UNUSED,2026-08-03,2026-09-02
824,TB-6UBC8Z8K0C,Training Tools Bundle,single_product,30,UNUSED,2026-08-03,2026-09-02
825,TB-X5T3RNPDO9,Training Tools Bundle,single_product,30,UNUSED,2026-08-03,2026-09-02
826,TB-D77SZEOFK0,Training Tools Bundle,single_product,30,UNUSED,2026-08-03,2026-09-02
827,TB-0MG7LYPQOC,Training Tools Bundle,single_product,30,UNUSED,2026-08-03,2026-09-02
828,TB-7X012Z6N8J,Training Tools Bundle,single_product,30,UNUSED,2026-08-03,2026-09-02
829,TB-2X9YMZU7JG,Training Tools Bundle,single_product,30,UNUSED,2026-08-03,2026-09-02
830,TB-ZC5J92O15Q,Training Tools Bundle,single_product,30,UNUSED,2026-08-03,2026-09-02
831,TB-KLV022WFDB,Training Tools Bundle,single_product,30,UNUSED,2026-08-03,2026-09-02
832,TB-0WJ89XVVNA,Training Tools Bundle,single_product,30,UNUSED,2026-08-03,2026-09-02
833,TB-1ZBPH5IAVV,Training Tools Bundle,single_product,30,UNUSED,2026-08-03,2026-09-02
834,TB-2A1FDH8ZLM,Training Tools Bundle,single_product,30,UNUSED,2026-08-03,2026-09-02
835,TB-ICVC92AD37,Training Tools Bundle,single_product,30,UNUSED,2026-08-03,2026-09-02
836,TB-0LOH216B6M,Training Tools Bundle,single_product,30,UNUSED,2026-08-03,2026-09-02
837,TB-5QJQOFJMAW,Training Tools Bundle,single_product,30,UNUSED,2026-08-03,2026-09-02
838,TB-7JAGIFKCQU,Training Tools Bundle,single_product,30,UNUSED,2026-08-03,2026-09-02
839,TB-N5KAACWH24,Training Tools Bundle,single_product,30,UNUSED,2026-08-03,2026-09-02
840,TB-GJM697O9KO,Training Tools Bundle,single_product,30,UNUSED,2026-08-03,2026-09-02
841,TB-UONUKEAH3Y,Training Tools Bundle,single_product,30,UNUSED,2026-08-03,2026-09-02
842,TB-TQO9Q9R22W,Training Tools Bundle,single_product,30,UNUSED,2026-08-03,2026-09-02
843,TB-1QR9CT25HV,Training Tools Bundle,single_product,30,UNUSED,2026-08-03,2026-09-02
844,TB-6UFDZVAPR9,Training Tools Bundle,single_product,30,UNUSED,2026-08-03,2026-09-02
845,TB-QQQEFSQ392,Training Tools Bundle,single_product,30,UNUSED,2026-08-03,2026-09-02
846,TB-Z1CH3LD8AZ,Training Tools Bundle,single_product,30,UNUSED,2026-08-03,2026-09-02
847,TB-M2Y9EBLRUB,Training Tools Bundle,single_product,30,UNUSED,2026-08-03,2026-09-02
848,TB-XF8NC9MDQI,Training Tools Bundle,single_product,30,UNUSED,2026-08-03,2026-09-02
849,TB-29RVT32MXT,Training Tools Bundle,single_product,30,UNUSED,2026-08-03,2026-09-02
850,TB-VMZLRF3JMM,Training Tools Bundle,single_product,30,UNUSED,2026-08-03,2026-09-02
851,TB-BYXNZ6X7X0,Training Tools Bundle,single_product,30,UNUSED,2026-08-03,2026-09-02
852,TB-SL3NO521PM,Training Tools Bundle,single_product,30,UNUSED,2026-08-03,2026-09-02
853,TB-56UGAY3286,Training Tools Bundle,single_product,30,UNUSED,2026-08-03,2026-09-02
854,TB-FQ35RQ34VC,Training Tools Bundle,single_product,30,UNUSED,2026-08-03,2026-09-02
855,TB-R88XU1FKPC,Training Tools Bundle,single_product,30,UNUSED,2026-08-03,2026-09-02
856,TB-T7KTOCC15R,Training Tools Bundle,single_product,30,UNUSED,2026-08-03,2026-09-02
857,TB-5K96MLH6NR,Training Tools Bundle,single_product,30,UNUSED,2026-08-03,2026-09-02
858,TB-7QDCX0V458,Training Tools Bundle,single_product,30,UNUSED,2026-08-03,2026-09-02
859,TB-6ICFTYAYO2,Training Tools Bundle,single_product,30,UNUSED,2026-08-03,2026-09-02
860,TB-FM1R1XZIQH,Training Tools Bundle,single_product,30,UNUSED,2026-08-03,2026-09-02
861,TB-IVONZ3FEF5,Training Tools Bundle,single_product,30,UNUSED,2026-08-03,2026-09-02
862,TB-Z7Q6BXZIFO,Training Tools Bundle,single_product,30,UNUSED,2026-08-03,2026-09-02
863,TB-FHI4DLVWR1,Training Tools Bundle,single_product,30,UNUSED,2026-08-03,2026-09-02
864,TB-ZGTZSQERJM,Training Tools Bundle,single_product,30,UNUSED,2026-08-03,2026-09-02
865,TB-KSKJ4NI52H,Training Tools Bundle,single_product,30,UNUSED,2026-08-03,2026-09-02
866,TB-CEZDU5ADSC,Training Tools Bundle,single_product,30,UNUSED,2026-08-03,2026-09-02
867,TB-BCGKZOO1JD,Training Tools Bundle,single_product,30,UNUSED,2026-08-03,2026-09-02
868,TB-2MMPVQXGA9,Training Tools Bundle,single_product,30,UNUSED,2026-08-03,2026-09-02
869,TB-QZWNU0SK8C,Training Tools Bundle,single_product,30,UNUSED,2026-08-03,2026-09-02
870,TB-5TZ6WTLNTC,Training Tools Bundle,single_product,30,UNUSED,2026-08-03,2026-09-02
871,TB-5HSQOMPEPE,Training Tools Bundle,single_product,30,UNUSED,2026-08-03,2026-09-02
872,TB-9DAVKOCM6C,Training Tools Bundle,single_product,30,UNUSED,2026-08-03,2026-09-02
873,TB-3EOXNU5W9W,Training Tools Bundle,single_product,30,UNUSED,2026-08-03,2026-09-02
874,TB-K03E2Z3XVP,Training Tools Bundle,single_product,30,UNUSED,2026-08-03,2026-09-02
875,TB-S9ALCH6RHB,Training Tools Bundle,single_product,30,UNUSED,2026-08-03,2026-09-02
876,TB-1GWJ8PAAIX,Training Tools Bundle,single_product,30,UNUSED,2026-08-03,2026-09-02
877,TB-PAKXINU4EI,Training Tools Bundle,single_product,30,UNUSED,2026-08-03,2026-09-02
878,TB-8IL5UFOKCX,Training Tools Bundle,single_product,30,UNUSED,2026-08-03,2026-09-02
879,TB-KAOH8Q0Y0M,Training Tools Bundle,single_product,30,UNUSED,2026-08-03,2026-09-02
880,TB-3K4Z683CAH,Training Tools Bundle,single_product,30,UNUSED,2026-08-03,2026-09-02
881,TB-BAJX57UXJ6,Training Tools Bundle,single_product,30,UNUSED,2026-08-03,2026-09-02
882,TB-KYX9DVYTBG,Training Tools Bundle,single_product,30,UNUSED,2026-08-03,2026-09-02
883,TB-HYTP5I2BES,Training Tools Bundle,single_product,30,UNUSED,2026-08-03,2026-09-02
884,TB-ZDMJHYC269,Training Tools Bundle,single_product,30,UNUSED,2026-08-03,2026-09-02
885,TB-OLK7ZCDRCC,Training Tools Bundle,single_product,30,UNUSED,2026-08-03,2026-09-02
886,TB-Y82MXRX3M2,Training Tools Bundle,single_product,30,UNUSED,2026-08-03,2026-09-02
887,TB-O5DPBCAKWR,Training Tools Bundle,single_product,30,UNUSED,2026-08-03,2026-09-02
888,TB-5IKQCYXMVV,Training Tools Bundle,single_product,30,UNUSED,2026-08-03,2026-09-02
889,TB-LTMMJ8S864,Training Tools Bundle,single_product,30,UNUSED,2026-08-03,2026-09-02
890,TB-HCIIWDKAGZ,Training Tools Bundle,single_product,30,UNUSED,2026-08-03,2026-09-02
891,TB-2S3UD07C56,Training Tools Bundle,single_product,30,UNUSED,2026-08-03,2026-09-02
892,TB-7LFBKE13XK,Training Tools Bundle,single_product,30,UNUSED,2026-08-03,2026-09-02
893,TB-7WOF15VW3G,Training Tools Bundle,single_product,30,UNUSED,2026-08-03,2026-09-02
894,TB-VIAFAFEE4S,Training Tools Bundle,single_product,30,UNUSED,2026-08-03,2026-09-02
895,TB-81ODGLHABR,Training Tools Bundle,single_product,30,UNUSED,2026-08-03,2026-09-02
896,TB-8UQ2PVJ4K6,Training Tools Bundle,single_product,30,UNUSED,2026-08-03,2026-09-02
897,TB-EKHF77QQMB,Training Tools Bundle,single_product,30,UNUSED,2026-08-03,2026-09-02
898,TB-ZNLJV67TIN,Training Tools Bundle,single_product,30,UNUSED,2026-08-03,2026-09-02
899,TB-XDRDMDZ4IC,Training Tools Bundle,single_product,30,UNUSED,2026-08-03,2026-09-02
900,TB-0OUDGITS4O,Training Tools Bundle,single_product,30,UNUSED,2026-08-03,2026-09-02
901,TB-IOXTXKYR6V,Training Tools Bundle,single_product,30,UNUSED,2026-08-03,2026-09-02
902,TB-YDVBM8IYNX,Training Tools Bundle,single_product,30,UNUSED,2026-08-03,2026-09-02
903,TB-AQ1G3LOQWX,Training Tools Bundle,single_product,30,UNUSED,2026-08-03,2026-09-02
904,TB-HE9M18NV57,Training Tools Bundle,single_product,30,UNUSED,2026-08-03,2026-09-02
905,TB-JQ0L8F8F7N,Training Tools Bundle,single_product,30,UNUSED,2026-08-03,2026-09-02
906,TB-YJ8W2V6RI2,Training Tools Bundle,single_product,30,UNUSED,2026-08-03,2026-09-02
907,TB-EIXVRZY3FP,Training Tools Bundle,single_product,30,UNUSED,2026-08-03,2026-09-02
908,TB-K9J0U7IUH7,Training Tools Bundle,single_product,30,UNUSED,2026-08-03,2026-09-02
909,TB-VBQPS4KLFA,Training Tools Bundle,single_product,30,UNUSED,2026-08-03,2026-09-02
910,TB-WQY70TMI12,Training Tools Bundle,single_product,30,UNUSED,2026-08-03,2026-09-02
911,TB-EH6UCGP6T2,Training Tools Bundle,single_product,30,UNUSED,2026-08-03,2026-09-02
912,TB-0WG8KWHEBI,Training Tools Bundle,single_product,30,UNUSED,2026-08-03,2026-09-02
913,TB-Y0J4K1THFK,Training Tools Bundle,single_product,30,UNUSED,2026-08-03,2026-09-02
914,TB-9UOZP0CEHP,Training Tools Bundle,single_product,30,UNUSED,2026-08-03,2026-09-02
915,TB-4M4PTLDO81,Training Tools Bundle,single_product,30,UNUSED,2026-08-03,2026-09-02
916,TB-48B0O5QJKJ,Training Tools Bundle,single_product,30,UNUSED,2026-08-03,2026-09-02
917,TB-XY4H6IRDPL,Training Tools Bundle,single_product,30,UNUSED,2026-08-03,2026-09-02
918,TB-NGH3J2IEL4,Training Tools Bundle,single_product,30,UNUSED,2026-08-03,2026-09-02
919,TB-12VF2MST37,Training Tools Bundle,single_product,30,UNUSED,2026-08-03,2026-09-02
920,TB-Z6LUD5NENC,Training Tools Bundle,single_product,30,UNUSED,2026-08-03,2026-09-02
921,TB-570A3YXWZW,Training Tools Bundle,single_product,30,UNUSED,2026-08-03,2026-09-02
922,TB-L21TH6NP4V,Training Tools Bundle,single_product,30,UNUSED,2026-08-03,2026-09-02
923,TB-IVPGDCJ64R,Training Tools Bundle,single_product,30,UNUSED,2026-08-03,2026-09-02
924,TB-JMZLEKDG0L,Training Tools Bundle,single_product,30,UNUSED,2026-08-03,2026-09-02
925,TB-29QLR107JC,Training Tools Bundle,single_product,30,UNUSED,2026-08-03,2026-09-02
926,TB-HUJE2L9SNK,Training Tools Bundle,single_product,30,UNUSED,2026-08-03,2026-09-02
927,TB-CAVKQZBVK9,Training Tools Bundle,single_product,30,UNUSED,2026-08-03,2026-09-02
928,TB-G8Y9FQXWMU,Training Tools Bundle,single_product,30,UNUSED,2026-08-03,2026-09-02
929,TB-AXWTXO5ZCS,Training Tools Bundle,single_product,30,UNUSED,2026-08-03,2026-09-02
930,TB-7GA74VX63T,Training Tools Bundle,single_product,30,UNUSED,2026-08-03,2026-09-02
931,TB-T55B5KA11F,Training Tools Bundle,single_product,30,UNUSED,2026-08-03,2026-09-02
932,TB-YKU3ZYZTWH,Training Tools Bundle,single_product,30,UNUSED,2026-08-03,2026-09-02
933,TB-KABOGXNCG8,Training Tools Bundle,single_product,30,UNUSED,2026-08-03,2026-09-02
934,TB-47HV5QKJER,Training Tools Bundle,single_product,30,UNUSED,2026-08-03,2026-09-02
935,TB-O0BYYSUKH1,Training Tools Bundle,single_product,30,UNUSED,2026-08-03,2026-09-02
936,TB-PT0366H7HM,Training Tools Bundle,single_product,30,UNUSED,2026-08-03,2026-09-02
937,TB-IYNTY6104F,Training Tools Bundle,single_product,30,UNUSED,2026-08-03,2026-09-02
938,TB-FPMGFN1SNM,Training Tools Bundle,single_product,30,UNUSED,2026-08-03,2026-09-02
939,TB-LYP2W0YY60,Training Tools Bundle,single_product,30,UNUSED,2026-08-03,2026-09-02
940,TB-NVB6Y6Y63O,Training Tools Bundle,single_product,30,UNUSED,2026-08-03,2026-09-02
941,TB-HR5WS8FMXT,Training Tools Bundle,single_product,30,UNUSED,2026-08-03,2026-09-02
942,TB-U1MXU9MZB5,Training Tools Bundle,single_product,30,UNUSED,2026-08-03,2026-09-02
943,TB-YJHKEEQYB2,Training Tools Bundle,single_product,30,UNUSED,2026-08-03,2026-09-02
944,TB-I7MRBRTQHY,Training Tools Bundle,single_product,30,UNUSED,2026-08-03,2026-09-02
945,TB-Z8KO8VL9AE,Training Tools Bundle,single_product,30,UNUSED,2026-08-03,2026-09-02
946,TB-C9HT3WH15Z,Training Tools Bundle,single_product,30,UNUSED,2026-08-03,2026-09-02
947,TB-WCCM9RL1N6,Training Tools Bundle,single_product,30,UNUSED,2026-08-03,2026-09-02
948,TB-EV2LPC61EW,Training Tools Bundle,single_product,30,UNUSED,2026-08-03,2026-09-02
949,TB-8M3CXCJ4RV,Training Tools Bundle,single_product,30,UNUSED,2026-08-03,2026-09-02
950,TB-CTHRQZKEOF,Training Tools Bundle,single_product,30,UNUSED,2026-08-03,2026-09-02
951,TB-LMV9LYXPAD,Training Tools Bundle,single_product,30,UNUSED,2026-08-03,2026-09-02
952,TB-L0F39PE01W,Training Tools Bundle,single_product,30,UNUSED,2026-08-03,2026-09-02
953,TB-CSDEEDGDB4,Training Tools Bundle,single_product,30,UNUSED,2026-08-03,2026-09-02
954,TB-ER35PD5X6Q,Training Tools Bundle,single_product,30,UNUSED,2026-08-03,2026-09-02
955,TB-S20U40KYGK,Training Tools Bundle,single_product,30,UNUSED,2026-08-03,2026-09-02
956,TB-7S51DPQS2R,Training Tools Bundle,single_product,30,UNUSED,2026-08-03,2026-09-02
957,TB-CBBP9W1NZY,Training Tools Bundle,single_product,30,UNUSED,2026-08-03,2026-09-02
958,TB-HWW7BO8JVG,Training Tools Bundle,single_product,30,UNUSED,2026-08-03,2026-09-02
959,TB-PXII4VZUND,Training Tools Bundle,single_product,30,UNUSED,2026-08-03,2026-09-02
960,TB-NNSOZN6MS7,Training Tools Bundle,single_product,30,UNUSED,2026-08-03,2026-09-02
961,TB-K2M2O6K13I,Training Tools Bundle,single_product,30,UNUSED,2026-08-03,2026-09-02
962,TB-19IQUKVCCI,Training Tools Bundle,single_product,30,UNUSED,2026-08-03,2026-09-02
963,TB-S7SIQX0TCY,Training Tools Bundle,single_product,30,UNUSED,2026-08-03,2026-09-02
964,TB-HRU4ZZVXPO,Training Tools Bundle,single_product,30,UNUSED,2026-08-03,2026-09-02
965,TB-6HKROVUC45,Training Tools Bundle,single_product,30,UNUSED,2026-08-03,2026-09-02
966,TB-T3SCEIXXQ4,Training Tools Bundle,single_product,30,UNUSED,2026-08-03,2026-09-02
967,TB-4GRCX3Z4XA,Training Tools Bundle,single_product,30,UNUSED,2026-08-03,2026-09-02
968,TB-AAJ6DENXQ3,Training Tools Bundle,single_product,30,UNUSED,2026-08-03,2026-09-02
969,TB-PMNNI8P404,Training Tools Bundle,single_product,30,UNUSED,2026-08-03,2026-09-02
970,TB-AA1EZFTTPT,Training Tools Bundle,single_product,30,UNUSED,2026-08-03,2026-09-02
971,TB-DPGZZJXXP0,Training Tools Bundle,single_product,30,UNUSED,2026-08-03,2026-09-02
972,TB-OB4XA0SY1D,Training Tools Bundle,single_product,30,UNUSED,2026-08-03,2026-09-02
973,TB-FZH7SIJW2V,Training Tools Bundle,single_product,30,UNUSED,2026-08-03,2026-09-02
974,TB-HYJNFCPXIL,Training Tools Bundle,single_product,30,UNUSED,2026-08-03,2026-09-02
975,TB-T4FU8ESFPO,Training Tools Bundle,single_product,30,UNUSED,2026-08-03,2026-09-02
976,TB-X1V1QF54JB,Training Tools Bundle,single_product,30,UNUSED,2026-08-03,2026-09-02
977,TB-PSX2QH7JJN,Training Tools Bundle,single_product,30,UNUSED,2026-08-03,2026-09-02
978,TB-SOJJM9TDM5,Training Tools Bundle,single_product,30,UNUSED,2026-08-03,2026-09-02
979,TB-4GJDBQGTP9,Training Tools Bundle,single_product,30,UNUSED,2026-08-03,2026-09-02
980,TB-G38CCRQJZS,Training Tools Bundle,single_product,30,UNUSED,2026-08-03,2026-09-02
981,TB-ITCE5720X4,Training Tools Bundle,single_product,30,UNUSED,2026-08-03,2026-09-02
982,TB-OZJYDU2OWM,Training Tools Bundle,single_product,30,UNUSED,2026-08-03,2026-09-02
983,TB-0BBAI4MPN1,Training Tools Bundle,single_product,30,UNUSED,2026-08-03,2026-09-02
984,TB-KML2JORFOY,Training Tools Bundle,single_product,30,UNUSED,2026-08-03,2026-09-02
985,TB-948TH0BSGB,Training Tools Bundle,single_product,30,UNUSED,2026-08-03,2026-09-02
986,TB-M7H0RX08UW,Training Tools Bundle,single_product,30,UNUSED,2026-08-03,2026-09-02
987,TB-F93WI1NVFC,Training Tools Bundle,single_product,30,UNUSED,2026-08-03,2026-09-02
988,TB-TDLXALI6XY,Training Tools Bundle,single_product,30,UNUSED,2026-08-03,2026-09-02
989,TB-3KXZ9UM8LZ,Training Tools Bundle,single_product,30,UNUSED,2026-08-03,2026-09-02
990,TB-LLAN7647IF,Training Tools Bundle,single_product,30,UNUSED,2026-08-03,2026-09-02
991,TB-YZVWBFLI5D,Training Tools Bundle,single_product,30,UNUSED,2026-08-03,2026-09-02
992,TB-QT3YZRSBB7,Training Tools Bundle,single_product,30,UNUSED,2026-08-03,2026-09-02
993,TB-IUQYG53WYR,Training Tools Bundle,single_product,30,UNUSED,2026-08-03,2026-09-02
994,TB-GH1R3FHBYU,Training Tools Bundle,single_product,30,UNUSED,2026-08-03,2026-09-02
995,TB-4TUQ7AP8KW,Training Tools Bundle,single_product,30,UNUSED,2026-08-03,2026-09-02
996,TB-1PZMPJDCSH,Training Tools Bundle,single_product,30,UNUSED,2026-08-03,2026-09-02
997,TB-BCC36HUM5H,Training Tools Bundle,single_product,30,UNUSED,2026-08-03,2026-09-02
998,TB-B3G6QZOLM0,Training Tools Bundle,single_product,30,UNUSED,2026-08-03,2026-09-02
999,TB-AC1EOB152P,Training Tools Bundle,single_product,30,UNUSED,2026-08-03,2026-09-02
1000,TB-42LWPMD53F,Training Tools Bundle,single_product,30,UNUSED,2026-08-03,2026-09-02
