code,product,plan,duration_days
OH-XEESFJZSF2,omni_hub,single_product,30
OH-HJSLNJSB4U,omni_hub,single_product,30
OH-NECY4TBYE6,omni_hub,single_product,30
OH-YSFBKU4AT3,omni_hub,single_product,30
OH-ZNEAB3WDH2,omni_hub,single_product,30
OH-KWEBVSBPYW,omni_hub,single_product,30
OH-GAMJCYCQA3,omni_hub,single_product,30
OH-QSRA4AACWB,omni_hub,single_product,30
OH-77QNVBMEP3,omni_hub,single_product,30
OH-TNK7UZA68L,omni_hub,single_product,30
OH-YFDQL2EEGU,omni_hub,single_product,30
OH-S92XYKT9WA,omni_hub,single_product,30
OH-M7AHJBGUPC,omni_hub,single_product,30
OH-9DDLL24AB4,omni_hub,single_product,30
OH-6H75JTWWGK,omni_hub,single_product,30
OH-FAH793E6FK,omni_hub,single_product,30
OH-TTYDVN6QM8,omni_hub,single_product,30
OH-QT83EDAF8Z,omni_hub,single_product,30
OH-NUND786FLT,omni_hub,single_product,30
OH-V84ZJLS3H6,omni_hub,single_product,30
OH-XGJH4WCP36,omni_hub,single_product,30
OH-288Q69EUGW,omni_hub,single_product,30
OH-SYD3MSZGS3,omni_hub,single_product,30
OH-UG7BBGLFKJ,omni_hub,single_product,30
OH-6RMQ2X9M5K,omni_hub,single_product,30
OH-F8UVN8CR6K,omni_hub,single_product,30
OH-766AKUA6PX,omni_hub,single_product,30
OH-W9K82ALXBX,omni_hub,single_product,30
OH-SMMGVWVLXD,omni_hub,single_product,30
OH-E4K9MAUMEF,omni_hub,single_product,30
OH-WD8FWGWW5M,omni_hub,single_product,30
OH-VPPG3TTXPW,omni_hub,single_product,30
OH-9YHKT4YLU2,omni_hub,single_product,30
OH-Q9S5BPPFUP,omni_hub,single_product,30
OH-A8QKRYPDG3,omni_hub,single_product,30
OH-Q78SG86WW4,omni_hub,single_product,30
OH-SLCD6W7UEN,omni_hub,single_product,30
OH-EMDAWAH744,omni_hub,single_product,30
OH-NVE3KTBAWD,omni_hub,single_product,30
OH-S3SZ6X6MN5,omni_hub,single_product,30
OH-3583XC375F,omni_hub,single_product,30
OH-Y834Q7GJ4M,omni_hub,single_product,30
OH-U77B5M5ND9,omni_hub,single_product,30
OH-E6S8ATXLEG,omni_hub,single_product,30
OH-ZDEQNU9YJ9,omni_hub,single_product,30
OH-RVTBK6768L,omni_hub,single_product,30
OH-HP45B4Q436,omni_hub,single_product,30
OH-J6EVVQ2QXK,omni_hub,single_product,30
OH-MEDDRSMQXE,omni_hub,single_product,30
OH-W2M48LKJPT,omni_hub,single_product,30
OH-DE7NZVR7P4,omni_hub,single_product,30
OH-DRGX8DKZNT,omni_hub,single_product,30
OH-R9EWJRSLXJ,omni_hub,single_product,30
OH-FRBDFHGZM6,omni_hub,single_product,30
OH-BQB5BEUX55,omni_hub,single_product,30
OH-BU65CD9KDJ,omni_hub,single_product,30
OH-CEHEWWPCSZ,omni_hub,single_product,30
OH-6UMRSB8KUD,omni_hub,single_product,30
OH-65Q3HVUFBB,omni_hub,single_product,30
OH-H7VD36G6GP,omni_hub,single_product,30
OH-ZRFE9RGPMB,omni_hub,single_product,30
OH-FYYAMHYQ7B,omni_hub,single_product,30
OH-BJBQR88JXV,omni_hub,single_product,30
OH-4CCFNPYL42,omni_hub,single_product,30
OH-NF4A5TGUZU,omni_hub,single_product,30
OH-GZ8FMRQYWA,omni_hub,single_product,30
OH-S8ZZGDVTW8,omni_hub,single_product,30
OH-TMVFW6PAU8,omni_hub,single_product,30
OH-2NSCPDD637,omni_hub,single_product,30
OH-89X4HQPC32,omni_hub,single_product,30
OH-7X82B4D3TR,omni_hub,single_product,30
OH-BPDYHEPWKD,omni_hub,single_product,30
OH-AYZZ9TY37F,omni_hub,single_product,30
OH-QMG4BCP2BV,omni_hub,single_product,30
OH-9KMK5S68UD,omni_hub,single_product,30
OH-B22YZG7H3S,omni_hub,single_product,30
OH-DK5MBXGJXE,omni_hub,single_product,30
OH-ZXVYDYMP5R,omni_hub,single_product,30
OH-XZH4EXUSC4,omni_hub,single_product,30
OH-FF9SRXQ9JG,omni_hub,single_product,30
OH-KVKPNNECUB,omni_hub,single_product,30
OH-5SNK4MCBHM,omni_hub,single_product,30
OH-CYF49TYCGQ,omni_hub,single_product,30
OH-JMEWFBQ4P2,omni_hub,single_product,30
OH-SS7B9W3XXE,omni_hub,single_product,30
OH-VN27DVPQP5,omni_hub,single_product,30
OH-XC5E3RMZE2,omni_hub,single_product,30
OH-6HVR4T3E5M,omni_hub,single_product,30
OH-ZBPC55UHTT,omni_hub,single_product,30
OH-WAPUCQX2JR,omni_hub,single_product,30
OH-KCS6HM3KDT,omni_hub,single_product,30
OH-3JUCDWX3K8,omni_hub,single_product,30
OH-7EGUE64ANM,omni_hub,single_product,30
OH-6A6NBXSS4R,omni_hub,single_product,30
OH-BKD9ZMPLQP,omni_hub,single_product,30
OH-36QKUE672L,omni_hub,single_product,30
OH-S26ZX3NGAQ,omni_hub,single_product,30
OH-DE846VAG42,omni_hub,single_product,30
OH-RRT8TATU46,omni_hub,single_product,30
OH-2VZR8KNNL8,omni_hub,single_product,30
